loaded .env
HF cache: /workspace/.cache/huggingface/  GPUs: 2
git push preflight OK
== [1/5] installing deps ==
  building clean venv at /workspace/ab_venv...
  transformers 4.57.3 OK for vLLM + replay
  torch.cuda OK
== [2/5] preflight: HF auth + gemma template fold ==
  auth OK: google/gemma-2-27b-it
  auth OK: meta-llama/Llama-3.3-70B-Instruct
gemma2_system_fold.jinja OK — 6 renders match native+python-fold
gemma2_system_fold.jinja OK — 6 renders match native+python-fold
  live gemma tokenizer template also matches
  axis OK: gemma-2-27b (46, 4608)
  axis OK: llama-3.3-70b (80, 8192)
== [3/5]..[5/5] per-model: download -> serve -> generate -> project -> judge ==
================ model: gemma-2-27b (google/gemma-2-27b-it, max_len 8192) ================
  downloading weights for google/gemma-2-27b-it ...
  starting vLLM (TP=2) ...
  vLLM died — see vllm_axis_gemma-2-27b.log
[1;36m(APIServer pid=2205)[0;0m   File "/workspace/ab_venv/lib/python3.12/site-packages/vllm/v1/engine/async_llm.py", line 207, in from_vllm_config
[1;36m(APIServer pid=2205)[0;0m     return cls(
[1;36m(APIServer pid=2205)[0;0m            ^^^^
[1;36m(APIServer pid=2205)[0;0m   File "/workspace/ab_venv/lib/python3.12/site-packages/vllm/v1/engine/async_llm.py", line 134, in __init__
[1;36m(APIServer pid=2205)[0;0m     self.engine_core = EngineCoreClient.make_async_mp_client(
[1;36m(APIServer pid=2205)[0;0m                        ^^^^^^^^^^^^^^^^^^^^^^^^^^^^^^^^^^^^^^
[1;36m(APIServer pid=2205)[0;0m   File "/workspace/ab_venv/lib/python3.12/site-packages/vllm/v1/engine/core_client.py", line 102, in make_async_mp_client
[1;36m(APIServer pid=2205)[0;0m     return AsyncMPClient(*client_args)
[1;36m(APIServer pid=2205)[0;0m            ^^^^^^^^^^^^^^^^^^^^^^^^^^^
[1;36m(APIServer pid=2205)[0;0m   File "/workspace/ab_venv/lib/python3.12/site-packages/vllm/v1/engine/core_client.py", line 769, in __init__
[1;36m(APIServer pid=2205)[0;0m     super().__init__(
[1;36m(APIServer pid=2205)[0;0m   File "/workspace/ab_venv/lib/python3.12/site-packages/vllm/v1/engine/core_client.py", line 448, in __init__
[1;36m(APIServer pid=2205)[0;0m     with launch_core_engines(vllm_config, executor_class,
[1;36m(APIServer pid=2205)[0;0m   File "/usr/lib/python3.12/contextlib.py", line 144, in __exit__
[1;36m(APIServer pid=2205)[0;0m     next(self.gen)
[1;36m(APIServer pid=2205)[0;0m   File "/workspace/ab_venv/lib/python3.12/site-packages/vllm/v1/engine/utils.py", line 732, in launch_core_engines
[1;36m(APIServer pid=2205)[0;0m     wait_for_engine_startup(
[1;36m(APIServer pid=2205)[0;0m   File "/workspace/ab_venv/lib/python3.12/site-packages/vllm/v1/engine/utils.py", line 785, in wait_for_engine_startup
[1;36m(APIServer pid=2205)[0;0m     raise RuntimeError("Engine core initialization failed. "
[1;36m(APIServer pid=2205)[0;0m RuntimeError: Engine core initialization failed. See root cause above. Failed core proc(s): {}
  !! gemma-2-27b not served — skipping
================ model: llama-3.3-70b (meta-llama/Llama-3.3-70B-Instruct, max_len 16384) ================
  downloading weights for meta-llama/Llama-3.3-70B-Instruct ...
  starting vLLM (TP=2) ...
  vLLM serving meta-llama/Llama-3.3-70B-Instruct after ~200s
  generating: llama-3.3-70b / condition=none -> results/axis_llama_3_3_70b_nosys_ai2ai (16 parallel)...
[axis_llama_3_3_70b_nosys_ai2ai] mode=two_instance temp=0.7 -> 15 runs -> results/axis_llama_3_3_70b_nosys_ai2ai/two_instance__meta-llama-Llama-3.3-70B-Instruct__none__goodness_opener_v1__temp0.7.json
    [length cap] meta-llama/Llama-3.3-70B-Instruct truncated reply at 512 tokens; retrying with 1536
    [length cap] meta-llama/Llama-3.3-70B-Instruct truncated reply at 512 tokens; retrying with 1536
    [length cap] meta-llama/Llama-3.3-70B-Instruct truncated reply at 512 tokens; retrying with 1536
    [length cap] meta-llama/Llama-3.3-70B-Instruct truncated reply at 512 tokens; retrying with 1536
    [length cap] meta-llama/Llama-3.3-70B-Instruct truncated reply at 512 tokens; retrying with 1536
    [length cap] meta-llama/Llama-3.3-70B-Instruct truncated reply at 512 tokens; retrying with 1536
    [length cap] meta-llama/Llama-3.3-70B-Instruct truncated reply at 512 tokens; retrying with 1536
    [length cap] meta-llama/Llama-3.3-70B-Instruct truncated reply at 512 tokens; retrying with 1536
    [length cap] meta-llama/Llama-3.3-70B-Instruct truncated reply at 512 tokens; retrying with 1536
    [length cap] meta-llama/Llama-3.3-70B-Instruct truncated reply at 512 tokens; retrying with 1536
    [length cap] meta-llama/Llama-3.3-70B-Instruct truncated reply at 512 tokens; retrying with 1536
    [length cap] meta-llama/Llama-3.3-70B-Instruct truncated reply at 512 tokens; retrying with 1536
    [length cap] meta-llama/Llama-3.3-70B-Instruct truncated reply at 512 tokens; retrying with 1536
    [length cap] meta-llama/Llama-3.3-70B-Instruct truncated reply at 512 tokens; retrying with 1536
    [length cap] meta-llama/Llama-3.3-70B-Instruct truncated reply at 512 tokens; retrying with 1536
    [length cap] meta-llama/Llama-3.3-70B-Instruct truncated reply at 512 tokens; retrying with 1536
    [length cap] meta-llama/Llama-3.3-70B-Instruct truncated reply at 512 tokens; retrying with 1536
    [length cap] meta-llama/Llama-3.3-70B-Instruct truncated reply at 512 tokens; retrying with 1536
    [length cap] meta-llama/Llama-3.3-70B-Instruct truncated reply at 512 tokens; retrying with 1536
    [length cap] meta-llama/Llama-3.3-70B-Instruct truncated reply at 512 tokens; retrying with 1536
    [length cap] meta-llama/Llama-3.3-70B-Instruct truncated reply at 512 tokens; retrying with 1536
    [length cap] meta-llama/Llama-3.3-70B-Instruct truncated reply at 512 tokens; retrying with 1536
    [length cap] meta-llama/Llama-3.3-70B-Instruct truncated reply at 512 tokens; retrying with 1536
    [length cap] meta-llama/Llama-3.3-70B-Instruct truncated reply at 512 tokens; retrying with 1536
    [length cap] meta-llama/Llama-3.3-70B-Instruct truncated reply at 512 tokens; retrying with 1536
    [length cap] meta-llama/Llama-3.3-70B-Instruct truncated reply at 512 tokens; retrying with 1536
    [length cap] meta-llama/Llama-3.3-70B-Instruct truncated reply at 512 tokens; retrying with 1536
    [length cap] meta-llama/Llama-3.3-70B-Instruct truncated reply at 512 tokens; retrying with 1536
    [length cap] meta-llama/Llama-3.3-70B-Instruct truncated reply at 512 tokens; retrying with 1536
    [length cap] meta-llama/Llama-3.3-70B-Instruct truncated reply at 512 tokens; retrying with 1536
    [length cap] meta-llama/Llama-3.3-70B-Instruct truncated reply at 512 tokens; retrying with 1536
    [length cap] meta-llama/Llama-3.3-70B-Instruct truncated reply at 512 tokens; retrying with 1536
    [length cap] meta-llama/Llama-3.3-70B-Instruct truncated reply at 512 tokens; retrying with 1536
    [length cap] meta-llama/Llama-3.3-70B-Instruct truncated reply at 512 tokens; retrying with 1536
    [length cap] meta-llama/Llama-3.3-70B-Instruct truncated reply at 512 tokens; retrying with 1536
    [length cap] meta-llama/Llama-3.3-70B-Instruct truncated reply at 512 tokens; retrying with 1536
    [length cap] meta-llama/Llama-3.3-70B-Instruct truncated reply at 512 tokens; retrying with 1536
    [length cap] meta-llama/Llama-3.3-70B-Instruct truncated reply at 512 tokens; retrying with 1536
    [length cap] meta-llama/Llama-3.3-70B-Instruct truncated reply at 512 tokens; retrying with 1536
    [length cap] meta-llama/Llama-3.3-70B-Instruct truncated reply at 512 tokens; retrying with 1536
    [length cap] meta-llama/Llama-3.3-70B-Instruct truncated reply at 512 tokens; retrying with 1536
    [length cap] meta-llama/Llama-3.3-70B-Instruct truncated reply at 512 tokens; retrying with 1536
    [length cap] meta-llama/Llama-3.3-70B-Instruct truncated reply at 512 tokens; retrying with 1536
    [length cap] meta-llama/Llama-3.3-70B-Instruct truncated reply at 512 tokens; retrying with 1536
    [length cap] meta-llama/Llama-3.3-70B-Instruct truncated reply at 512 tokens; retrying with 1536
    [length cap] meta-llama/Llama-3.3-70B-Instruct truncated reply at 512 tokens; retrying with 1536
    [length cap] meta-llama/Llama-3.3-70B-Instruct truncated reply at 512 tokens; retrying with 1536
    [length cap] meta-llama/Llama-3.3-70B-Instruct truncated reply at 512 tokens; retrying with 1536
    [length cap] meta-llama/Llama-3.3-70B-Instruct truncated reply at 512 tokens; retrying with 1536
    [length cap] meta-llama/Llama-3.3-70B-Instruct truncated reply at 512 tokens; retrying with 1536
    [length cap] meta-llama/Llama-3.3-70B-Instruct truncated reply at 512 tokens; retrying with 1536
    [length cap] meta-llama/Llama-3.3-70B-Instruct truncated reply at 512 tokens; retrying with 1536
    [length cap] meta-llama/Llama-3.3-70B-Instruct truncated reply at 512 tokens; retrying with 1536
    [length cap] meta-llama/Llama-3.3-70B-Instruct truncated reply at 512 tokens; retrying with 1536
    [length cap] meta-llama/Llama-3.3-70B-Instruct truncated reply at 512 tokens; retrying with 1536
    [length cap] meta-llama/Llama-3.3-70B-Instruct truncated reply at 512 tokens; retrying with 1536
    [length cap] meta-llama/Llama-3.3-70B-Instruct truncated reply at 512 tokens; retrying with 1536
    [length cap] meta-llama/Llama-3.3-70B-Instruct truncated reply at 512 tokens; retrying with 1536
    [length cap] meta-llama/Llama-3.3-70B-Instruct truncated reply at 512 tokens; retrying with 1536
    [length cap] meta-llama/Llama-3.3-70B-Instruct truncated reply at 512 tokens; retrying with 1536
    [length cap] meta-llama/Llama-3.3-70B-Instruct truncated reply at 512 tokens; retrying with 1536
    [length cap] meta-llama/Llama-3.3-70B-Instruct truncated reply at 512 tokens; retrying with 1536
    [length cap] meta-llama/Llama-3.3-70B-Instruct truncated reply at 512 tokens; retrying with 1536
    [length cap] meta-llama/Llama-3.3-70B-Instruct truncated reply at 512 tokens; retrying with 1536
    [length cap] meta-llama/Llama-3.3-70B-Instruct truncated reply at 512 tokens; retrying with 1536
    [length cap] meta-llama/Llama-3.3-70B-Instruct truncated reply at 512 tokens; retrying with 1536
    [length cap] meta-llama/Llama-3.3-70B-Instruct truncated reply at 512 tokens; retrying with 1536
    [length cap] meta-llama/Llama-3.3-70B-Instruct truncated reply at 512 tokens; retrying with 1536
    [length cap] meta-llama/Llama-3.3-70B-Instruct truncated reply at 512 tokens; retrying with 1536
    [length cap] meta-llama/Llama-3.3-70B-Instruct truncated reply at 512 tokens; retrying with 1536
    [length cap] meta-llama/Llama-3.3-70B-Instruct truncated reply at 512 tokens; retrying with 1536
    [length cap] meta-llama/Llama-3.3-70B-Instruct truncated reply at 512 tokens; retrying with 1536
    [length cap] meta-llama/Llama-3.3-70B-Instruct truncated reply at 512 tokens; retrying with 1536
    [length cap] meta-llama/Llama-3.3-70B-Instruct truncated reply at 512 tokens; retrying with 1536
    [length cap] meta-llama/Llama-3.3-70B-Instruct truncated reply at 512 tokens; retrying with 1536
    [length cap] meta-llama/Llama-3.3-70B-Instruct truncated reply at 512 tokens; retrying with 1536
    [length cap] meta-llama/Llama-3.3-70B-Instruct truncated reply at 512 tokens; retrying with 1536
    [length cap] meta-llama/Llama-3.3-70B-Instruct truncated reply at 512 tokens; retrying with 1536
    [length cap] meta-llama/Llama-3.3-70B-Instruct truncated reply at 512 tokens; retrying with 1536
    [length cap] meta-llama/Llama-3.3-70B-Instruct truncated reply at 512 tokens; retrying with 1536
    [length cap] meta-llama/Llama-3.3-70B-Instruct truncated reply at 512 tokens; retrying with 1536
    [length cap] meta-llama/Llama-3.3-70B-Instruct truncated reply at 512 tokens; retrying with 1536
    [length cap] meta-llama/Llama-3.3-70B-Instruct truncated reply at 512 tokens; retrying with 1536
    [length cap] meta-llama/Llama-3.3-70B-Instruct truncated reply at 512 tokens; retrying with 1536
    [length cap] meta-llama/Llama-3.3-70B-Instruct truncated reply at 512 tokens; retrying with 1536
    [length cap] meta-llama/Llama-3.3-70B-Instruct truncated reply at 512 tokens; retrying with 1536
    [length cap] meta-llama/Llama-3.3-70B-Instruct truncated reply at 512 tokens; retrying with 1536
    [length cap] meta-llama/Llama-3.3-70B-Instruct truncated reply at 512 tokens; retrying with 1536
    [length cap] meta-llama/Llama-3.3-70B-Instruct truncated reply at 512 tokens; retrying with 1536
    [length cap] meta-llama/Llama-3.3-70B-Instruct truncated reply at 512 tokens; retrying with 1536
    [length cap] meta-llama/Llama-3.3-70B-Instruct truncated reply at 512 tokens; retrying with 1536
    [length cap] meta-llama/Llama-3.3-70B-Instruct truncated reply at 512 tokens; retrying with 1536
    [length cap] meta-llama/Llama-3.3-70B-Instruct truncated reply at 512 tokens; retrying with 1536
    [length cap] meta-llama/Llama-3.3-70B-Instruct truncated reply at 512 tokens; retrying with 1536
    [length cap] meta-llama/Llama-3.3-70B-Instruct truncated reply at 512 tokens; retrying with 1536
    [length cap] meta-llama/Llama-3.3-70B-Instruct truncated reply at 512 tokens; retrying with 1536
    [length cap] meta-llama/Llama-3.3-70B-Instruct truncated reply at 512 tokens; retrying with 1536
    [length cap] meta-llama/Llama-3.3-70B-Instruct truncated reply at 512 tokens; retrying with 1536
    [length cap] meta-llama/Llama-3.3-70B-Instruct truncated reply at 512 tokens; retrying with 1536
    [length cap] meta-llama/Llama-3.3-70B-Instruct truncated reply at 512 tokens; retrying with 1536
    [length cap] meta-llama/Llama-3.3-70B-Instruct truncated reply at 512 tokens; retrying with 1536
    [length cap] meta-llama/Llama-3.3-70B-Instruct truncated reply at 512 tokens; retrying with 1536
    [length cap] meta-llama/Llama-3.3-70B-Instruct truncated reply at 512 tokens; retrying with 1536
    [length cap] meta-llama/Llama-3.3-70B-Instruct truncated reply at 512 tokens; retrying with 1536
    [length cap] meta-llama/Llama-3.3-70B-Instruct truncated reply at 512 tokens; retrying with 1536
    [length cap] meta-llama/Llama-3.3-70B-Instruct truncated reply at 512 tokens; retrying with 1536
    [length cap] meta-llama/Llama-3.3-70B-Instruct truncated reply at 512 tokens; retrying with 1536
    [length cap] meta-llama/Llama-3.3-70B-Instruct truncated reply at 512 tokens; retrying with 1536
    [length cap] meta-llama/Llama-3.3-70B-Instruct truncated reply at 512 tokens; retrying with 1536
    [length cap] meta-llama/Llama-3.3-70B-Instruct truncated reply at 512 tokens; retrying with 1536
    [length cap] meta-llama/Llama-3.3-70B-Instruct truncated reply at 512 tokens; retrying with 1536
    [length cap] meta-llama/Llama-3.3-70B-Instruct truncated reply at 512 tokens; retrying with 1536
    [length cap] meta-llama/Llama-3.3-70B-Instruct truncated reply at 512 tokens; retrying with 1536
    [length cap] meta-llama/Llama-3.3-70B-Instruct truncated reply at 512 tokens; retrying with 1536
    [length cap] meta-llama/Llama-3.3-70B-Instruct truncated reply at 512 tokens; retrying with 1536
    [length cap] meta-llama/Llama-3.3-70B-Instruct truncated reply at 512 tokens; retrying with 1536
    [length cap] meta-llama/Llama-3.3-70B-Instruct truncated reply at 512 tokens; retrying with 1536
    [length cap] meta-llama/Llama-3.3-70B-Instruct truncated reply at 512 tokens; retrying with 1536
    [length cap] meta-llama/Llama-3.3-70B-Instruct truncated reply at 512 tokens; retrying with 1536
    [length cap] meta-llama/Llama-3.3-70B-Instruct truncated reply at 512 tokens; retrying with 1536
    [length cap] meta-llama/Llama-3.3-70B-Instruct truncated reply at 512 tokens; retrying with 1536
    [length cap] meta-llama/Llama-3.3-70B-Instruct truncated reply at 512 tokens; retrying with 1536
    [length cap] meta-llama/Llama-3.3-70B-Instruct truncated reply at 512 tokens; retrying with 1536
    [length cap] meta-llama/Llama-3.3-70B-Instruct truncated reply at 512 tokens; retrying with 1536
    [length cap] meta-llama/Llama-3.3-70B-Instruct truncated reply at 512 tokens; retrying with 1536
    [length cap] meta-llama/Llama-3.3-70B-Instruct truncated reply at 512 tokens; retrying with 1536
    [length cap] meta-llama/Llama-3.3-70B-Instruct truncated reply at 512 tokens; retrying with 1536
    [length cap] meta-llama/Llama-3.3-70B-Instruct truncated reply at 512 tokens; retrying with 1536
    [length cap] meta-llama/Llama-3.3-70B-Instruct truncated reply at 512 tokens; retrying with 1536
    [length cap] meta-llama/Llama-3.3-70B-Instruct truncated reply at 512 tokens; retrying with 1536
    [length cap] meta-llama/Llama-3.3-70B-Instruct truncated reply at 512 tokens; retrying with 1536
    [length cap] meta-llama/Llama-3.3-70B-Instruct truncated reply at 512 tokens; retrying with 1536
    [length cap] meta-llama/Llama-3.3-70B-Instruct truncated reply at 512 tokens; retrying with 1536
    [length cap] meta-llama/Llama-3.3-70B-Instruct truncated reply at 512 tokens; retrying with 1536
    [length cap] meta-llama/Llama-3.3-70B-Instruct truncated reply at 512 tokens; retrying with 1536
    [length cap] meta-llama/Llama-3.3-70B-Instruct truncated reply at 512 tokens; retrying with 1536
    [length cap] meta-llama/Llama-3.3-70B-Instruct truncated reply at 512 tokens; retrying with 1536
    [length cap] meta-llama/Llama-3.3-70B-Instruct truncated reply at 512 tokens; retrying with 1536
    [length cap] meta-llama/Llama-3.3-70B-Instruct truncated reply at 512 tokens; retrying with 1536
    [length cap] meta-llama/Llama-3.3-70B-Instruct truncated reply at 512 tokens; retrying with 1536
    [length cap] meta-llama/Llama-3.3-70B-Instruct truncated reply at 512 tokens; retrying with 1536
    [length cap] meta-llama/Llama-3.3-70B-Instruct truncated reply at 512 tokens; retrying with 1536
    [length cap] meta-llama/Llama-3.3-70B-Instruct truncated reply at 512 tokens; retrying with 1536
    [length cap] meta-llama/Llama-3.3-70B-Instruct truncated reply at 512 tokens; retrying with 1536
    [length cap] meta-llama/Llama-3.3-70B-Instruct truncated reply at 512 tokens; retrying with 1536
    [length cap] meta-llama/Llama-3.3-70B-Instruct truncated reply at 512 tokens; retrying with 1536
    [length cap] meta-llama/Llama-3.3-70B-Instruct truncated reply at 512 tokens; retrying with 1536
    [length cap] meta-llama/Llama-3.3-70B-Instruct truncated reply at 512 tokens; retrying with 1536
    [length cap] meta-llama/Llama-3.3-70B-Instruct truncated reply at 512 tokens; retrying with 1536
    [length cap] meta-llama/Llama-3.3-70B-Instruct truncated reply at 512 tokens; retrying with 1536
    [length cap] meta-llama/Llama-3.3-70B-Instruct truncated reply at 512 tokens; retrying with 1536
    [length cap] meta-llama/Llama-3.3-70B-Instruct truncated reply at 512 tokens; retrying with 1536
    [length cap] meta-llama/Llama-3.3-70B-Instruct truncated reply at 512 tokens; retrying with 1536
    [length cap] meta-llama/Llama-3.3-70B-Instruct truncated reply at 512 tokens; retrying with 1536
    [length cap] meta-llama/Llama-3.3-70B-Instruct truncated reply at 512 tokens; retrying with 1536
    [length cap] meta-llama/Llama-3.3-70B-Instruct truncated reply at 512 tokens; retrying with 1536
    [length cap] meta-llama/Llama-3.3-70B-Instruct truncated reply at 512 tokens; retrying with 1536
    [length cap] meta-llama/Llama-3.3-70B-Instruct truncated reply at 512 tokens; retrying with 1536
    [length cap] meta-llama/Llama-3.3-70B-Instruct truncated reply at 512 tokens; retrying with 1536
    [length cap] meta-llama/Llama-3.3-70B-Instruct truncated reply at 512 tokens; retrying with 1536
    [length cap] meta-llama/Llama-3.3-70B-Instruct truncated reply at 512 tokens; retrying with 1536
    [length cap] meta-llama/Llama-3.3-70B-Instruct truncated reply at 512 tokens; retrying with 1536
    [length cap] meta-llama/Llama-3.3-70B-Instruct truncated reply at 512 tokens; retrying with 1536
    [length cap] meta-llama/Llama-3.3-70B-Instruct truncated reply at 512 tokens; retrying with 1536
    [length cap] meta-llama/Llama-3.3-70B-Instruct truncated reply at 512 tokens; retrying with 1536
    [length cap] meta-llama/Llama-3.3-70B-Instruct truncated reply at 512 tokens; retrying with 1536
    [length cap] meta-llama/Llama-3.3-70B-Instruct truncated reply at 512 tokens; retrying with 1536
    [length cap] meta-llama/Llama-3.3-70B-Instruct truncated reply at 512 tokens; retrying with 1536
    [length cap] meta-llama/Llama-3.3-70B-Instruct truncated reply at 512 tokens; retrying with 1536
    [length cap] meta-llama/Llama-3.3-70B-Instruct truncated reply at 1536 tokens; retrying with 4608
    [length cap] meta-llama/Llama-3.3-70B-Instruct truncated reply at 512 tokens; retrying with 1536
    [length cap] meta-llama/Llama-3.3-70B-Instruct truncated reply at 512 tokens; retrying with 1536
    [length cap] meta-llama/Llama-3.3-70B-Instruct truncated reply at 512 tokens; retrying with 1536
    [length cap] meta-llama/Llama-3.3-70B-Instruct truncated reply at 512 tokens; retrying with 1536
    [length cap] meta-llama/Llama-3.3-70B-Instruct truncated reply at 512 tokens; retrying with 1536
    [length cap] meta-llama/Llama-3.3-70B-Instruct truncated reply at 512 tokens; retrying with 1536
    [length cap] meta-llama/Llama-3.3-70B-Instruct truncated reply at 512 tokens; retrying with 1536
    [length cap] meta-llama/Llama-3.3-70B-Instruct truncated reply at 512 tokens; retrying with 1536
    [length cap] meta-llama/Llama-3.3-70B-Instruct truncated reply at 512 tokens; retrying with 1536
    [length cap] meta-llama/Llama-3.3-70B-Instruct truncated reply at 512 tokens; retrying with 1536
    [length cap] meta-llama/Llama-3.3-70B-Instruct truncated reply at 512 tokens; retrying with 1536
    [length cap] meta-llama/Llama-3.3-70B-Instruct truncated reply at 512 tokens; retrying with 1536
    [length cap] meta-llama/Llama-3.3-70B-Instruct truncated reply at 512 tokens; retrying with 1536
    [length cap] meta-llama/Llama-3.3-70B-Instruct truncated reply at 512 tokens; retrying with 1536
    [length cap] meta-llama/Llama-3.3-70B-Instruct truncated reply at 512 tokens; retrying with 1536
    [length cap] meta-llama/Llama-3.3-70B-Instruct truncated reply at 512 tokens; retrying with 1536
    [length cap] meta-llama/Llama-3.3-70B-Instruct truncated reply at 512 tokens; retrying with 1536
    [length cap] meta-llama/Llama-3.3-70B-Instruct truncated reply at 512 tokens; retrying with 1536
    [length cap] meta-llama/Llama-3.3-70B-Instruct truncated reply at 512 tokens; retrying with 1536
    [length cap] meta-llama/Llama-3.3-70B-Instruct truncated reply at 512 tokens; retrying with 1536
    [length cap] meta-llama/Llama-3.3-70B-Instruct truncated reply at 512 tokens; retrying with 1536
    [length cap] meta-llama/Llama-3.3-70B-Instruct truncated reply at 512 tokens; retrying with 1536
    [length cap] meta-llama/Llama-3.3-70B-Instruct truncated reply at 512 tokens; retrying with 1536
    [length cap] meta-llama/Llama-3.3-70B-Instruct truncated reply at 512 tokens; retrying with 1536
    [length cap] meta-llama/Llama-3.3-70B-Instruct truncated reply at 512 tokens; retrying with 1536
    [length cap] meta-llama/Llama-3.3-70B-Instruct truncated reply at 512 tokens; retrying with 1536
    [length cap] meta-llama/Llama-3.3-70B-Instruct truncated reply at 512 tokens; retrying with 1536
    [length cap] meta-llama/Llama-3.3-70B-Instruct truncated reply at 512 tokens; retrying with 1536
    [length cap] meta-llama/Llama-3.3-70B-Instruct truncated reply at 512 tokens; retrying with 1536
    [length cap] meta-llama/Llama-3.3-70B-Instruct truncated reply at 512 tokens; retrying with 1536
    [length cap] meta-llama/Llama-3.3-70B-Instruct truncated reply at 512 tokens; retrying with 1536
    [length cap] meta-llama/Llama-3.3-70B-Instruct truncated reply at 512 tokens; retrying with 1536
    [length cap] meta-llama/Llama-3.3-70B-Instruct truncated reply at 1536 tokens; retrying with 4608
    [length cap] meta-llama/Llama-3.3-70B-Instruct truncated reply at 512 tokens; retrying with 1536
    [length cap] meta-llama/Llama-3.3-70B-Instruct truncated reply at 512 tokens; retrying with 1536
    [length cap] meta-llama/Llama-3.3-70B-Instruct truncated reply at 512 tokens; retrying with 1536
    [length cap] meta-llama/Llama-3.3-70B-Instruct truncated reply at 512 tokens; retrying with 1536
    [length cap] meta-llama/Llama-3.3-70B-Instruct truncated reply at 512 tokens; retrying with 1536
    [length cap] meta-llama/Llama-3.3-70B-Instruct truncated reply at 512 tokens; retrying with 1536
    [length cap] meta-llama/Llama-3.3-70B-Instruct truncated reply at 512 tokens; retrying with 1536
    [length cap] meta-llama/Llama-3.3-70B-Instruct truncated reply at 512 tokens; retrying with 1536
    [length cap] meta-llama/Llama-3.3-70B-Instruct truncated reply at 512 tokens; retrying with 1536
    [length cap] meta-llama/Llama-3.3-70B-Instruct truncated reply at 512 tokens; retrying with 1536
    [length cap] meta-llama/Llama-3.3-70B-Instruct truncated reply at 512 tokens; retrying with 1536
    [length cap] meta-llama/Llama-3.3-70B-Instruct truncated reply at 512 tokens; retrying with 1536
    [length cap] meta-llama/Llama-3.3-70B-Instruct truncated reply at 512 tokens; retrying with 1536
    [length cap] meta-llama/Llama-3.3-70B-Instruct truncated reply at 512 tokens; retrying with 1536
    [length cap] meta-llama/Llama-3.3-70B-Instruct truncated reply at 512 tokens; retrying with 1536
    [length cap] meta-llama/Llama-3.3-70B-Instruct truncated reply at 512 tokens; retrying with 1536
    [length cap] meta-llama/Llama-3.3-70B-Instruct truncated reply at 512 tokens; retrying with 1536
    [length cap] meta-llama/Llama-3.3-70B-Instruct truncated reply at 512 tokens; retrying with 1536
    [length cap] meta-llama/Llama-3.3-70B-Instruct truncated reply at 512 tokens; retrying with 1536
    [length cap] meta-llama/Llama-3.3-70B-Instruct truncated reply at 512 tokens; retrying with 1536
    [length cap] meta-llama/Llama-3.3-70B-Instruct truncated reply at 512 tokens; retrying with 1536
    [length cap] meta-llama/Llama-3.3-70B-Instruct truncated reply at 512 tokens; retrying with 1536
    [length cap] meta-llama/Llama-3.3-70B-Instruct truncated reply at 512 tokens; retrying with 1536
    [length cap] meta-llama/Llama-3.3-70B-Instruct truncated reply at 512 tokens; retrying with 1536
    [length cap] meta-llama/Llama-3.3-70B-Instruct truncated reply at 512 tokens; retrying with 1536
    [length cap] meta-llama/Llama-3.3-70B-Instruct truncated reply at 512 tokens; retrying with 1536
    [length cap] meta-llama/Llama-3.3-70B-Instruct truncated reply at 512 tokens; retrying with 1536
    [length cap] meta-llama/Llama-3.3-70B-Instruct truncated reply at 512 tokens; retrying with 1536
    [length cap] meta-llama/Llama-3.3-70B-Instruct truncated reply at 512 tokens; retrying with 1536
    [length cap] meta-llama/Llama-3.3-70B-Instruct truncated reply at 512 tokens; retrying with 1536
    [length cap] meta-llama/Llama-3.3-70B-Instruct truncated reply at 512 tokens; retrying with 1536
    [length cap] meta-llama/Llama-3.3-70B-Instruct truncated reply at 512 tokens; retrying with 1536
    [length cap] meta-llama/Llama-3.3-70B-Instruct truncated reply at 512 tokens; retrying with 1536
    [length cap] meta-llama/Llama-3.3-70B-Instruct truncated reply at 512 tokens; retrying with 1536
    [length cap] meta-llama/Llama-3.3-70B-Instruct truncated reply at 512 tokens; retrying with 1536
    [length cap] meta-llama/Llama-3.3-70B-Instruct truncated reply at 512 tokens; retrying with 1536
    [length cap] meta-llama/Llama-3.3-70B-Instruct truncated reply at 512 tokens; retrying with 1536
    [length cap] meta-llama/Llama-3.3-70B-Instruct truncated reply at 512 tokens; retrying with 1536
    [length cap] meta-llama/Llama-3.3-70B-Instruct truncated reply at 512 tokens; retrying with 1536
    [length cap] meta-llama/Llama-3.3-70B-Instruct truncated reply at 1536 tokens; retrying with 4608
    [run 5 turn 20] context window full — ending conversation (19 turns kept)
  [run 5] done (19 turns) — saved 1/15
    [length cap] meta-llama/Llama-3.3-70B-Instruct truncated reply at 512 tokens; retrying with 1536
    [length cap] meta-llama/Llama-3.3-70B-Instruct truncated reply at 512 tokens; retrying with 1536
    [length cap] meta-llama/Llama-3.3-70B-Instruct truncated reply at 512 tokens; retrying with 1536
    [run 1 turn 17] context window full — ending conversation (16 turns kept)
  [run 1] done (16 turns) — saved 2/15
    [length cap] meta-llama/Llama-3.3-70B-Instruct truncated reply at 512 tokens; retrying with 1536
    [length cap] meta-llama/Llama-3.3-70B-Instruct truncated reply at 512 tokens; retrying with 1536
    [length cap] meta-llama/Llama-3.3-70B-Instruct truncated reply at 512 tokens; retrying with 1536
    [length cap] meta-llama/Llama-3.3-70B-Instruct truncated reply at 512 tokens; retrying with 1536
    [length cap] meta-llama/Llama-3.3-70B-Instruct truncated reply at 512 tokens; retrying with 1536
    [length cap] meta-llama/Llama-3.3-70B-Instruct truncated reply at 512 tokens; retrying with 1536
    [length cap] meta-llama/Llama-3.3-70B-Instruct truncated reply at 512 tokens; retrying with 1536
    [length cap] meta-llama/Llama-3.3-70B-Instruct truncated reply at 512 tokens; retrying with 1536
    [length cap] meta-llama/Llama-3.3-70B-Instruct truncated reply at 512 tokens; retrying with 1536
    [length cap] meta-llama/Llama-3.3-70B-Instruct truncated reply at 512 tokens; retrying with 1536
    [run 11 turn 19] context window full — ending conversation (18 turns kept)
  [run 11] done (18 turns) — saved 3/15
    [length cap] meta-llama/Llama-3.3-70B-Instruct truncated reply at 512 tokens; retrying with 1536
    [length cap] meta-llama/Llama-3.3-70B-Instruct truncated reply at 512 tokens; retrying with 1536
    [run 7 turn 19] context window full — ending conversation (18 turns kept)
  [run 7] done (18 turns) — saved 4/15
    [length cap] meta-llama/Llama-3.3-70B-Instruct truncated reply at 512 tokens; retrying with 1536
    [length cap] meta-llama/Llama-3.3-70B-Instruct truncated reply at 512 tokens; retrying with 1536
    [length cap] meta-llama/Llama-3.3-70B-Instruct truncated reply at 512 tokens; retrying with 1536
    [length cap] meta-llama/Llama-3.3-70B-Instruct truncated reply at 512 tokens; retrying with 1536
    [length cap] meta-llama/Llama-3.3-70B-Instruct truncated reply at 512 tokens; retrying with 1536
    [length cap] meta-llama/Llama-3.3-70B-Instruct truncated reply at 512 tokens; retrying with 1536
    [length cap] meta-llama/Llama-3.3-70B-Instruct truncated reply at 512 tokens; retrying with 1536
    [length cap] meta-llama/Llama-3.3-70B-Instruct truncated reply at 512 tokens; retrying with 1536
    [run 4 turn 20] context window full — ending conversation (19 turns kept)
  [run 4] done (19 turns) — saved 5/15
    [length cap] meta-llama/Llama-3.3-70B-Instruct truncated reply at 512 tokens; retrying with 1536
    [length cap] meta-llama/Llama-3.3-70B-Instruct truncated reply at 512 tokens; retrying with 1536
    [length cap] meta-llama/Llama-3.3-70B-Instruct truncated reply at 512 tokens; retrying with 1536
    [run 10 turn 19] context window full — ending conversation (18 turns kept)
  [run 10] done (18 turns) — saved 6/15
    [length cap] meta-llama/Llama-3.3-70B-Instruct truncated reply at 512 tokens; retrying with 1536
    [length cap] meta-llama/Llama-3.3-70B-Instruct truncated reply at 1536 tokens; retrying with 4608
    [run 13 turn 20] context window full — ending conversation (19 turns kept)
  [run 13] done (19 turns) — saved 7/15
    [length cap] meta-llama/Llama-3.3-70B-Instruct truncated reply at 512 tokens; retrying with 1536
    [length cap] meta-llama/Llama-3.3-70B-Instruct truncated reply at 512 tokens; retrying with 1536
    [length cap] meta-llama/Llama-3.3-70B-Instruct truncated reply at 512 tokens; retrying with 1536
    [length cap] meta-llama/Llama-3.3-70B-Instruct truncated reply at 512 tokens; retrying with 1536
    [length cap] meta-llama/Llama-3.3-70B-Instruct truncated reply at 512 tokens; retrying with 1536
    [run 14 turn 25] context window full — ending conversation (24 turns kept)
  [run 14] done (24 turns) — saved 8/15
    [length cap] meta-llama/Llama-3.3-70B-Instruct truncated reply at 512 tokens; retrying with 1536
    [run 9 turn 21] context window full — ending conversation (20 turns kept)
  [run 9] done (20 turns) — saved 9/15
    [length cap] meta-llama/Llama-3.3-70B-Instruct truncated reply at 512 tokens; retrying with 1536
    [run 12 turn 21] context window full — ending conversation (20 turns kept)
  [run 12] done (20 turns) — saved 10/15
    [length cap] meta-llama/Llama-3.3-70B-Instruct truncated reply at 512 tokens; retrying with 1536
    [run 0 turn 22] context window full — ending conversation (21 turns kept)
  [run 0] done (21 turns) — saved 11/15
    [length cap] meta-llama/Llama-3.3-70B-Instruct truncated reply at 512 tokens; retrying with 1536
    [length cap] meta-llama/Llama-3.3-70B-Instruct truncated reply at 512 tokens; retrying with 1536
    [length cap] meta-llama/Llama-3.3-70B-Instruct truncated reply at 512 tokens; retrying with 1536
    [run 8 turn 23] context window full — ending conversation (22 turns kept)
  [run 8] done (22 turns) — saved 12/15
    [length cap] meta-llama/Llama-3.3-70B-Instruct truncated reply at 512 tokens; retrying with 1536
    [run 2 turn 25] context window full — ending conversation (24 turns kept)
  [run 2] done (24 turns) — saved 13/15
    [length cap] meta-llama/Llama-3.3-70B-Instruct truncated reply at 512 tokens; retrying with 1536
    [run 3 turn 25] context window full — ending conversation (24 turns kept)
  [run 3] done (24 turns) — saved 14/15
    [length cap] meta-llama/Llama-3.3-70B-Instruct truncated reply at 512 tokens; retrying with 1536
    [run 6 turn 22] context window full — ending conversation (21 turns kept)
  [run 6] done (21 turns) — saved 15/15
  wrote results/axis_llama_3_3_70b_nosys_ai2ai/two_instance__meta-llama-Llama-3.3-70B-Instruct__none__goodness_opener_v1__temp0.7.md
[axis_llama_3_3_70b_nosys_ai2ai] mode=two_instance temp=1.0 -> 15 runs -> results/axis_llama_3_3_70b_nosys_ai2ai/two_instance__meta-llama-Llama-3.3-70B-Instruct__none__goodness_opener_v1__temp1.0.json
    [length cap] meta-llama/Llama-3.3-70B-Instruct truncated reply at 512 tokens; retrying with 1536
    [length cap] meta-llama/Llama-3.3-70B-Instruct truncated reply at 512 tokens; retrying with 1536
    [length cap] meta-llama/Llama-3.3-70B-Instruct truncated reply at 512 tokens; retrying with 1536
    [length cap] meta-llama/Llama-3.3-70B-Instruct truncated reply at 512 tokens; retrying with 1536
    [length cap] meta-llama/Llama-3.3-70B-Instruct truncated reply at 512 tokens; retrying with 1536
    [length cap] meta-llama/Llama-3.3-70B-Instruct truncated reply at 512 tokens; retrying with 1536
    [length cap] meta-llama/Llama-3.3-70B-Instruct truncated reply at 512 tokens; retrying with 1536
    [length cap] meta-llama/Llama-3.3-70B-Instruct truncated reply at 512 tokens; retrying with 1536
    [length cap] meta-llama/Llama-3.3-70B-Instruct truncated reply at 512 tokens; retrying with 1536
    [length cap] meta-llama/Llama-3.3-70B-Instruct truncated reply at 512 tokens; retrying with 1536
    [length cap] meta-llama/Llama-3.3-70B-Instruct truncated reply at 512 tokens; retrying with 1536
    [length cap] meta-llama/Llama-3.3-70B-Instruct truncated reply at 512 tokens; retrying with 1536
    [length cap] meta-llama/Llama-3.3-70B-Instruct truncated reply at 512 tokens; retrying with 1536
    [length cap] meta-llama/Llama-3.3-70B-Instruct truncated reply at 512 tokens; retrying with 1536
    [length cap] meta-llama/Llama-3.3-70B-Instruct truncated reply at 512 tokens; retrying with 1536
    [length cap] meta-llama/Llama-3.3-70B-Instruct truncated reply at 512 tokens; retrying with 1536
    [length cap] meta-llama/Llama-3.3-70B-Instruct truncated reply at 512 tokens; retrying with 1536
    [length cap] meta-llama/Llama-3.3-70B-Instruct truncated reply at 512 tokens; retrying with 1536
    [length cap] meta-llama/Llama-3.3-70B-Instruct truncated reply at 512 tokens; retrying with 1536
    [length cap] meta-llama/Llama-3.3-70B-Instruct truncated reply at 512 tokens; retrying with 1536
    [length cap] meta-llama/Llama-3.3-70B-Instruct truncated reply at 512 tokens; retrying with 1536
    [length cap] meta-llama/Llama-3.3-70B-Instruct truncated reply at 512 tokens; retrying with 1536
    [length cap] meta-llama/Llama-3.3-70B-Instruct truncated reply at 512 tokens; retrying with 1536
    [length cap] meta-llama/Llama-3.3-70B-Instruct truncated reply at 512 tokens; retrying with 1536
    [length cap] meta-llama/Llama-3.3-70B-Instruct truncated reply at 512 tokens; retrying with 1536
    [length cap] meta-llama/Llama-3.3-70B-Instruct truncated reply at 512 tokens; retrying with 1536
    [length cap] meta-llama/Llama-3.3-70B-Instruct truncated reply at 512 tokens; retrying with 1536
    [length cap] meta-llama/Llama-3.3-70B-Instruct truncated reply at 512 tokens; retrying with 1536
    [length cap] meta-llama/Llama-3.3-70B-Instruct truncated reply at 512 tokens; retrying with 1536
    [length cap] meta-llama/Llama-3.3-70B-Instruct truncated reply at 512 tokens; retrying with 1536
    [length cap] meta-llama/Llama-3.3-70B-Instruct truncated reply at 512 tokens; retrying with 1536
    [length cap] meta-llama/Llama-3.3-70B-Instruct truncated reply at 512 tokens; retrying with 1536
    [length cap] meta-llama/Llama-3.3-70B-Instruct truncated reply at 512 tokens; retrying with 1536
    [length cap] meta-llama/Llama-3.3-70B-Instruct truncated reply at 512 tokens; retrying with 1536
    [length cap] meta-llama/Llama-3.3-70B-Instruct truncated reply at 512 tokens; retrying with 1536
    [length cap] meta-llama/Llama-3.3-70B-Instruct truncated reply at 512 tokens; retrying with 1536
    [length cap] meta-llama/Llama-3.3-70B-Instruct truncated reply at 512 tokens; retrying with 1536
    [length cap] meta-llama/Llama-3.3-70B-Instruct truncated reply at 512 tokens; retrying with 1536
    [length cap] meta-llama/Llama-3.3-70B-Instruct truncated reply at 512 tokens; retrying with 1536
    [length cap] meta-llama/Llama-3.3-70B-Instruct truncated reply at 512 tokens; retrying with 1536
    [length cap] meta-llama/Llama-3.3-70B-Instruct truncated reply at 512 tokens; retrying with 1536
    [length cap] meta-llama/Llama-3.3-70B-Instruct truncated reply at 512 tokens; retrying with 1536
    [length cap] meta-llama/Llama-3.3-70B-Instruct truncated reply at 512 tokens; retrying with 1536
    [length cap] meta-llama/Llama-3.3-70B-Instruct truncated reply at 512 tokens; retrying with 1536
    [length cap] meta-llama/Llama-3.3-70B-Instruct truncated reply at 512 tokens; retrying with 1536
    [length cap] meta-llama/Llama-3.3-70B-Instruct truncated reply at 512 tokens; retrying with 1536
    [length cap] meta-llama/Llama-3.3-70B-Instruct truncated reply at 512 tokens; retrying with 1536
    [length cap] meta-llama/Llama-3.3-70B-Instruct truncated reply at 512 tokens; retrying with 1536
    [length cap] meta-llama/Llama-3.3-70B-Instruct truncated reply at 512 tokens; retrying with 1536
    [length cap] meta-llama/Llama-3.3-70B-Instruct truncated reply at 512 tokens; retrying with 1536
    [length cap] meta-llama/Llama-3.3-70B-Instruct truncated reply at 512 tokens; retrying with 1536
    [length cap] meta-llama/Llama-3.3-70B-Instruct truncated reply at 512 tokens; retrying with 1536
    [length cap] meta-llama/Llama-3.3-70B-Instruct truncated reply at 512 tokens; retrying with 1536
    [length cap] meta-llama/Llama-3.3-70B-Instruct truncated reply at 512 tokens; retrying with 1536
    [length cap] meta-llama/Llama-3.3-70B-Instruct truncated reply at 512 tokens; retrying with 1536
    [length cap] meta-llama/Llama-3.3-70B-Instruct truncated reply at 512 tokens; retrying with 1536
    [length cap] meta-llama/Llama-3.3-70B-Instruct truncated reply at 512 tokens; retrying with 1536
    [length cap] meta-llama/Llama-3.3-70B-Instruct truncated reply at 512 tokens; retrying with 1536
    [length cap] meta-llama/Llama-3.3-70B-Instruct truncated reply at 512 tokens; retrying with 1536
    [length cap] meta-llama/Llama-3.3-70B-Instruct truncated reply at 512 tokens; retrying with 1536
    [length cap] meta-llama/Llama-3.3-70B-Instruct truncated reply at 512 tokens; retrying with 1536
    [length cap] meta-llama/Llama-3.3-70B-Instruct truncated reply at 512 tokens; retrying with 1536
    [length cap] meta-llama/Llama-3.3-70B-Instruct truncated reply at 512 tokens; retrying with 1536
    [length cap] meta-llama/Llama-3.3-70B-Instruct truncated reply at 512 tokens; retrying with 1536
    [length cap] meta-llama/Llama-3.3-70B-Instruct truncated reply at 512 tokens; retrying with 1536
    [length cap] meta-llama/Llama-3.3-70B-Instruct truncated reply at 512 tokens; retrying with 1536
    [length cap] meta-llama/Llama-3.3-70B-Instruct truncated reply at 512 tokens; retrying with 1536
    [length cap] meta-llama/Llama-3.3-70B-Instruct truncated reply at 512 tokens; retrying with 1536
    [length cap] meta-llama/Llama-3.3-70B-Instruct truncated reply at 512 tokens; retrying with 1536
    [length cap] meta-llama/Llama-3.3-70B-Instruct truncated reply at 512 tokens; retrying with 1536
    [length cap] meta-llama/Llama-3.3-70B-Instruct truncated reply at 512 tokens; retrying with 1536
    [length cap] meta-llama/Llama-3.3-70B-Instruct truncated reply at 512 tokens; retrying with 1536
    [length cap] meta-llama/Llama-3.3-70B-Instruct truncated reply at 512 tokens; retrying with 1536
    [length cap] meta-llama/Llama-3.3-70B-Instruct truncated reply at 512 tokens; retrying with 1536
    [length cap] meta-llama/Llama-3.3-70B-Instruct truncated reply at 512 tokens; retrying with 1536
    [length cap] meta-llama/Llama-3.3-70B-Instruct truncated reply at 512 tokens; retrying with 1536
    [length cap] meta-llama/Llama-3.3-70B-Instruct truncated reply at 512 tokens; retrying with 1536
    [length cap] meta-llama/Llama-3.3-70B-Instruct truncated reply at 512 tokens; retrying with 1536
    [length cap] meta-llama/Llama-3.3-70B-Instruct truncated reply at 512 tokens; retrying with 1536
    [length cap] meta-llama/Llama-3.3-70B-Instruct truncated reply at 512 tokens; retrying with 1536
    [length cap] meta-llama/Llama-3.3-70B-Instruct truncated reply at 512 tokens; retrying with 1536
    [length cap] meta-llama/Llama-3.3-70B-Instruct truncated reply at 512 tokens; retrying with 1536
    [length cap] meta-llama/Llama-3.3-70B-Instruct truncated reply at 512 tokens; retrying with 1536
    [length cap] meta-llama/Llama-3.3-70B-Instruct truncated reply at 512 tokens; retrying with 1536
    [length cap] meta-llama/Llama-3.3-70B-Instruct truncated reply at 512 tokens; retrying with 1536
    [length cap] meta-llama/Llama-3.3-70B-Instruct truncated reply at 512 tokens; retrying with 1536
    [length cap] meta-llama/Llama-3.3-70B-Instruct truncated reply at 512 tokens; retrying with 1536
    [length cap] meta-llama/Llama-3.3-70B-Instruct truncated reply at 512 tokens; retrying with 1536
    [length cap] meta-llama/Llama-3.3-70B-Instruct truncated reply at 512 tokens; retrying with 1536
    [length cap] meta-llama/Llama-3.3-70B-Instruct truncated reply at 512 tokens; retrying with 1536
    [length cap] meta-llama/Llama-3.3-70B-Instruct truncated reply at 512 tokens; retrying with 1536
    [length cap] meta-llama/Llama-3.3-70B-Instruct truncated reply at 512 tokens; retrying with 1536
    [length cap] meta-llama/Llama-3.3-70B-Instruct truncated reply at 512 tokens; retrying with 1536
    [length cap] meta-llama/Llama-3.3-70B-Instruct truncated reply at 512 tokens; retrying with 1536
    [length cap] meta-llama/Llama-3.3-70B-Instruct truncated reply at 512 tokens; retrying with 1536
    [length cap] meta-llama/Llama-3.3-70B-Instruct truncated reply at 512 tokens; retrying with 1536
    [length cap] meta-llama/Llama-3.3-70B-Instruct truncated reply at 512 tokens; retrying with 1536
    [length cap] meta-llama/Llama-3.3-70B-Instruct truncated reply at 512 tokens; retrying with 1536
    [length cap] meta-llama/Llama-3.3-70B-Instruct truncated reply at 512 tokens; retrying with 1536
    [length cap] meta-llama/Llama-3.3-70B-Instruct truncated reply at 512 tokens; retrying with 1536
    [length cap] meta-llama/Llama-3.3-70B-Instruct truncated reply at 512 tokens; retrying with 1536
    [length cap] meta-llama/Llama-3.3-70B-Instruct truncated reply at 512 tokens; retrying with 1536
    [length cap] meta-llama/Llama-3.3-70B-Instruct truncated reply at 512 tokens; retrying with 1536
    [length cap] meta-llama/Llama-3.3-70B-Instruct truncated reply at 512 tokens; retrying with 1536
    [length cap] meta-llama/Llama-3.3-70B-Instruct truncated reply at 512 tokens; retrying with 1536
    [length cap] meta-llama/Llama-3.3-70B-Instruct truncated reply at 512 tokens; retrying with 1536
    [length cap] meta-llama/Llama-3.3-70B-Instruct truncated reply at 512 tokens; retrying with 1536
    [length cap] meta-llama/Llama-3.3-70B-Instruct truncated reply at 512 tokens; retrying with 1536
    [length cap] meta-llama/Llama-3.3-70B-Instruct truncated reply at 512 tokens; retrying with 1536
    [length cap] meta-llama/Llama-3.3-70B-Instruct truncated reply at 512 tokens; retrying with 1536
    [length cap] meta-llama/Llama-3.3-70B-Instruct truncated reply at 512 tokens; retrying with 1536
    [length cap] meta-llama/Llama-3.3-70B-Instruct truncated reply at 512 tokens; retrying with 1536
    [length cap] meta-llama/Llama-3.3-70B-Instruct truncated reply at 512 tokens; retrying with 1536
    [length cap] meta-llama/Llama-3.3-70B-Instruct truncated reply at 512 tokens; retrying with 1536
    [length cap] meta-llama/Llama-3.3-70B-Instruct truncated reply at 512 tokens; retrying with 1536
    [length cap] meta-llama/Llama-3.3-70B-Instruct truncated reply at 512 tokens; retrying with 1536
    [length cap] meta-llama/Llama-3.3-70B-Instruct truncated reply at 512 tokens; retrying with 1536
    [length cap] meta-llama/Llama-3.3-70B-Instruct truncated reply at 512 tokens; retrying with 1536
    [length cap] meta-llama/Llama-3.3-70B-Instruct truncated reply at 512 tokens; retrying with 1536
    [length cap] meta-llama/Llama-3.3-70B-Instruct truncated reply at 512 tokens; retrying with 1536
    [length cap] meta-llama/Llama-3.3-70B-Instruct truncated reply at 512 tokens; retrying with 1536
    [length cap] meta-llama/Llama-3.3-70B-Instruct truncated reply at 512 tokens; retrying with 1536
    [length cap] meta-llama/Llama-3.3-70B-Instruct truncated reply at 512 tokens; retrying with 1536
    [length cap] meta-llama/Llama-3.3-70B-Instruct truncated reply at 512 tokens; retrying with 1536
    [length cap] meta-llama/Llama-3.3-70B-Instruct truncated reply at 512 tokens; retrying with 1536
    [length cap] meta-llama/Llama-3.3-70B-Instruct truncated reply at 512 tokens; retrying with 1536
    [length cap] meta-llama/Llama-3.3-70B-Instruct truncated reply at 512 tokens; retrying with 1536
    [length cap] meta-llama/Llama-3.3-70B-Instruct truncated reply at 512 tokens; retrying with 1536
    [length cap] meta-llama/Llama-3.3-70B-Instruct truncated reply at 512 tokens; retrying with 1536
    [length cap] meta-llama/Llama-3.3-70B-Instruct truncated reply at 512 tokens; retrying with 1536
    [length cap] meta-llama/Llama-3.3-70B-Instruct truncated reply at 512 tokens; retrying with 1536
    [length cap] meta-llama/Llama-3.3-70B-Instruct truncated reply at 512 tokens; retrying with 1536
    [length cap] meta-llama/Llama-3.3-70B-Instruct truncated reply at 512 tokens; retrying with 1536
    [length cap] meta-llama/Llama-3.3-70B-Instruct truncated reply at 512 tokens; retrying with 1536
    [length cap] meta-llama/Llama-3.3-70B-Instruct truncated reply at 512 tokens; retrying with 1536
    [length cap] meta-llama/Llama-3.3-70B-Instruct truncated reply at 512 tokens; retrying with 1536
    [length cap] meta-llama/Llama-3.3-70B-Instruct truncated reply at 512 tokens; retrying with 1536
    [length cap] meta-llama/Llama-3.3-70B-Instruct truncated reply at 512 tokens; retrying with 1536
    [length cap] meta-llama/Llama-3.3-70B-Instruct truncated reply at 512 tokens; retrying with 1536
    [length cap] meta-llama/Llama-3.3-70B-Instruct truncated reply at 512 tokens; retrying with 1536
    [length cap] meta-llama/Llama-3.3-70B-Instruct truncated reply at 512 tokens; retrying with 1536
    [length cap] meta-llama/Llama-3.3-70B-Instruct truncated reply at 512 tokens; retrying with 1536
    [length cap] meta-llama/Llama-3.3-70B-Instruct truncated reply at 512 tokens; retrying with 1536
    [length cap] meta-llama/Llama-3.3-70B-Instruct truncated reply at 512 tokens; retrying with 1536
    [length cap] meta-llama/Llama-3.3-70B-Instruct truncated reply at 512 tokens; retrying with 1536
    [length cap] meta-llama/Llama-3.3-70B-Instruct truncated reply at 512 tokens; retrying with 1536
    [length cap] meta-llama/Llama-3.3-70B-Instruct truncated reply at 512 tokens; retrying with 1536
    [length cap] meta-llama/Llama-3.3-70B-Instruct truncated reply at 512 tokens; retrying with 1536
    [length cap] meta-llama/Llama-3.3-70B-Instruct truncated reply at 512 tokens; retrying with 1536
    [length cap] meta-llama/Llama-3.3-70B-Instruct truncated reply at 512 tokens; retrying with 1536
    [length cap] meta-llama/Llama-3.3-70B-Instruct truncated reply at 512 tokens; retrying with 1536
    [length cap] meta-llama/Llama-3.3-70B-Instruct truncated reply at 512 tokens; retrying with 1536
    [length cap] meta-llama/Llama-3.3-70B-Instruct truncated reply at 512 tokens; retrying with 1536
    [length cap] meta-llama/Llama-3.3-70B-Instruct truncated reply at 512 tokens; retrying with 1536
    [length cap] meta-llama/Llama-3.3-70B-Instruct truncated reply at 512 tokens; retrying with 1536
    [length cap] meta-llama/Llama-3.3-70B-Instruct truncated reply at 512 tokens; retrying with 1536
    [length cap] meta-llama/Llama-3.3-70B-Instruct truncated reply at 512 tokens; retrying with 1536
    [length cap] meta-llama/Llama-3.3-70B-Instruct truncated reply at 512 tokens; retrying with 1536
    [length cap] meta-llama/Llama-3.3-70B-Instruct truncated reply at 512 tokens; retrying with 1536
    [length cap] meta-llama/Llama-3.3-70B-Instruct truncated reply at 512 tokens; retrying with 1536
    [length cap] meta-llama/Llama-3.3-70B-Instruct truncated reply at 512 tokens; retrying with 1536
    [length cap] meta-llama/Llama-3.3-70B-Instruct truncated reply at 512 tokens; retrying with 1536
    [length cap] meta-llama/Llama-3.3-70B-Instruct truncated reply at 512 tokens; retrying with 1536
    [length cap] meta-llama/Llama-3.3-70B-Instruct truncated reply at 512 tokens; retrying with 1536
    [length cap] meta-llama/Llama-3.3-70B-Instruct truncated reply at 512 tokens; retrying with 1536
    [length cap] meta-llama/Llama-3.3-70B-Instruct truncated reply at 512 tokens; retrying with 1536
    [length cap] meta-llama/Llama-3.3-70B-Instruct truncated reply at 512 tokens; retrying with 1536
    [length cap] meta-llama/Llama-3.3-70B-Instruct truncated reply at 512 tokens; retrying with 1536
    [length cap] meta-llama/Llama-3.3-70B-Instruct truncated reply at 512 tokens; retrying with 1536
    [length cap] meta-llama/Llama-3.3-70B-Instruct truncated reply at 512 tokens; retrying with 1536
    [length cap] meta-llama/Llama-3.3-70B-Instruct truncated reply at 512 tokens; retrying with 1536
    [length cap] meta-llama/Llama-3.3-70B-Instruct truncated reply at 512 tokens; retrying with 1536
    [length cap] meta-llama/Llama-3.3-70B-Instruct truncated reply at 512 tokens; retrying with 1536
    [length cap] meta-llama/Llama-3.3-70B-Instruct truncated reply at 512 tokens; retrying with 1536
    [length cap] meta-llama/Llama-3.3-70B-Instruct truncated reply at 512 tokens; retrying with 1536
    [length cap] meta-llama/Llama-3.3-70B-Instruct truncated reply at 512 tokens; retrying with 1536
    [length cap] meta-llama/Llama-3.3-70B-Instruct truncated reply at 512 tokens; retrying with 1536
    [length cap] meta-llama/Llama-3.3-70B-Instruct truncated reply at 512 tokens; retrying with 1536
    [length cap] meta-llama/Llama-3.3-70B-Instruct truncated reply at 512 tokens; retrying with 1536
    [length cap] meta-llama/Llama-3.3-70B-Instruct truncated reply at 512 tokens; retrying with 1536
    [length cap] meta-llama/Llama-3.3-70B-Instruct truncated reply at 512 tokens; retrying with 1536
    [length cap] meta-llama/Llama-3.3-70B-Instruct truncated reply at 512 tokens; retrying with 1536
    [length cap] meta-llama/Llama-3.3-70B-Instruct truncated reply at 512 tokens; retrying with 1536
    [length cap] meta-llama/Llama-3.3-70B-Instruct truncated reply at 512 tokens; retrying with 1536
    [length cap] meta-llama/Llama-3.3-70B-Instruct truncated reply at 512 tokens; retrying with 1536
    [length cap] meta-llama/Llama-3.3-70B-Instruct truncated reply at 512 tokens; retrying with 1536
    [length cap] meta-llama/Llama-3.3-70B-Instruct truncated reply at 512 tokens; retrying with 1536
    [length cap] meta-llama/Llama-3.3-70B-Instruct truncated reply at 512 tokens; retrying with 1536
    [length cap] meta-llama/Llama-3.3-70B-Instruct truncated reply at 512 tokens; retrying with 1536
    [length cap] meta-llama/Llama-3.3-70B-Instruct truncated reply at 512 tokens; retrying with 1536
    [length cap] meta-llama/Llama-3.3-70B-Instruct truncated reply at 512 tokens; retrying with 1536
    [length cap] meta-llama/Llama-3.3-70B-Instruct truncated reply at 512 tokens; retrying with 1536
    [length cap] meta-llama/Llama-3.3-70B-Instruct truncated reply at 512 tokens; retrying with 1536
    [length cap] meta-llama/Llama-3.3-70B-Instruct truncated reply at 512 tokens; retrying with 1536
    [length cap] meta-llama/Llama-3.3-70B-Instruct truncated reply at 512 tokens; retrying with 1536
    [length cap] meta-llama/Llama-3.3-70B-Instruct truncated reply at 512 tokens; retrying with 1536
    [length cap] meta-llama/Llama-3.3-70B-Instruct truncated reply at 512 tokens; retrying with 1536
    [length cap] meta-llama/Llama-3.3-70B-Instruct truncated reply at 512 tokens; retrying with 1536
    [length cap] meta-llama/Llama-3.3-70B-Instruct truncated reply at 512 tokens; retrying with 1536
    [length cap] meta-llama/Llama-3.3-70B-Instruct truncated reply at 512 tokens; retrying with 1536
    [length cap] meta-llama/Llama-3.3-70B-Instruct truncated reply at 512 tokens; retrying with 1536
    [length cap] meta-llama/Llama-3.3-70B-Instruct truncated reply at 512 tokens; retrying with 1536
    [length cap] meta-llama/Llama-3.3-70B-Instruct truncated reply at 512 tokens; retrying with 1536
    [length cap] meta-llama/Llama-3.3-70B-Instruct truncated reply at 512 tokens; retrying with 1536
    [length cap] meta-llama/Llama-3.3-70B-Instruct truncated reply at 512 tokens; retrying with 1536
    [length cap] meta-llama/Llama-3.3-70B-Instruct truncated reply at 512 tokens; retrying with 1536
    [length cap] meta-llama/Llama-3.3-70B-Instruct truncated reply at 512 tokens; retrying with 1536
    [length cap] meta-llama/Llama-3.3-70B-Instruct truncated reply at 512 tokens; retrying with 1536
    [length cap] meta-llama/Llama-3.3-70B-Instruct truncated reply at 512 tokens; retrying with 1536
    [length cap] meta-llama/Llama-3.3-70B-Instruct truncated reply at 512 tokens; retrying with 1536
    [length cap] meta-llama/Llama-3.3-70B-Instruct truncated reply at 512 tokens; retrying with 1536
    [length cap] meta-llama/Llama-3.3-70B-Instruct truncated reply at 512 tokens; retrying with 1536
    [length cap] meta-llama/Llama-3.3-70B-Instruct truncated reply at 512 tokens; retrying with 1536
    [length cap] meta-llama/Llama-3.3-70B-Instruct truncated reply at 512 tokens; retrying with 1536
    [length cap] meta-llama/Llama-3.3-70B-Instruct truncated reply at 512 tokens; retrying with 1536
    [length cap] meta-llama/Llama-3.3-70B-Instruct truncated reply at 512 tokens; retrying with 1536
    [length cap] meta-llama/Llama-3.3-70B-Instruct truncated reply at 512 tokens; retrying with 1536
    [length cap] meta-llama/Llama-3.3-70B-Instruct truncated reply at 512 tokens; retrying with 1536
    [length cap] meta-llama/Llama-3.3-70B-Instruct truncated reply at 512 tokens; retrying with 1536
    [length cap] meta-llama/Llama-3.3-70B-Instruct truncated reply at 512 tokens; retrying with 1536
    [length cap] meta-llama/Llama-3.3-70B-Instruct truncated reply at 512 tokens; retrying with 1536
    [length cap] meta-llama/Llama-3.3-70B-Instruct truncated reply at 512 tokens; retrying with 1536
    [length cap] meta-llama/Llama-3.3-70B-Instruct truncated reply at 512 tokens; retrying with 1536
    [length cap] meta-llama/Llama-3.3-70B-Instruct truncated reply at 512 tokens; retrying with 1536
    [length cap] meta-llama/Llama-3.3-70B-Instruct truncated reply at 512 tokens; retrying with 1536
    [length cap] meta-llama/Llama-3.3-70B-Instruct truncated reply at 512 tokens; retrying with 1536
    [length cap] meta-llama/Llama-3.3-70B-Instruct truncated reply at 512 tokens; retrying with 1536
    [length cap] meta-llama/Llama-3.3-70B-Instruct truncated reply at 512 tokens; retrying with 1536
    [length cap] meta-llama/Llama-3.3-70B-Instruct truncated reply at 512 tokens; retrying with 1536
    [length cap] meta-llama/Llama-3.3-70B-Instruct truncated reply at 512 tokens; retrying with 1536
    [length cap] meta-llama/Llama-3.3-70B-Instruct truncated reply at 512 tokens; retrying with 1536
    [length cap] meta-llama/Llama-3.3-70B-Instruct truncated reply at 512 tokens; retrying with 1536
    [length cap] meta-llama/Llama-3.3-70B-Instruct truncated reply at 512 tokens; retrying with 1536
    [length cap] meta-llama/Llama-3.3-70B-Instruct truncated reply at 512 tokens; retrying with 1536
    [length cap] meta-llama/Llama-3.3-70B-Instruct truncated reply at 512 tokens; retrying with 1536
    [length cap] meta-llama/Llama-3.3-70B-Instruct truncated reply at 512 tokens; retrying with 1536
    [length cap] meta-llama/Llama-3.3-70B-Instruct truncated reply at 512 tokens; retrying with 1536
    [length cap] meta-llama/Llama-3.3-70B-Instruct truncated reply at 512 tokens; retrying with 1536
    [length cap] meta-llama/Llama-3.3-70B-Instruct truncated reply at 512 tokens; retrying with 1536
    [length cap] meta-llama/Llama-3.3-70B-Instruct truncated reply at 1536 tokens; retrying with 4608
    [run 7 turn 18] context window full — ending conversation (17 turns kept)
  [run 7] done (17 turns) — saved 1/15
    [length cap] meta-llama/Llama-3.3-70B-Instruct truncated reply at 512 tokens; retrying with 1536
    [length cap] meta-llama/Llama-3.3-70B-Instruct truncated reply at 512 tokens; retrying with 1536
    [length cap] meta-llama/Llama-3.3-70B-Instruct truncated reply at 512 tokens; retrying with 1536
    [length cap] meta-llama/Llama-3.3-70B-Instruct truncated reply at 512 tokens; retrying with 1536
    [length cap] meta-llama/Llama-3.3-70B-Instruct truncated reply at 512 tokens; retrying with 1536
    [length cap] meta-llama/Llama-3.3-70B-Instruct truncated reply at 512 tokens; retrying with 1536
    [length cap] meta-llama/Llama-3.3-70B-Instruct truncated reply at 512 tokens; retrying with 1536
    [length cap] meta-llama/Llama-3.3-70B-Instruct truncated reply at 512 tokens; retrying with 1536
    [length cap] meta-llama/Llama-3.3-70B-Instruct truncated reply at 512 tokens; retrying with 1536
    [length cap] meta-llama/Llama-3.3-70B-Instruct truncated reply at 512 tokens; retrying with 1536
    [run 9 turn 20] context window full — ending conversation (19 turns kept)
  [run 9] done (19 turns) — saved 2/15
    [length cap] meta-llama/Llama-3.3-70B-Instruct truncated reply at 512 tokens; retrying with 1536
    [length cap] meta-llama/Llama-3.3-70B-Instruct truncated reply at 512 tokens; retrying with 1536
    [length cap] meta-llama/Llama-3.3-70B-Instruct truncated reply at 512 tokens; retrying with 1536
    [length cap] meta-llama/Llama-3.3-70B-Instruct truncated reply at 512 tokens; retrying with 1536
    [length cap] meta-llama/Llama-3.3-70B-Instruct truncated reply at 512 tokens; retrying with 1536
    [length cap] meta-llama/Llama-3.3-70B-Instruct truncated reply at 512 tokens; retrying with 1536
    [run 11 turn 19] context window full — ending conversation (18 turns kept)
  [run 11] done (18 turns) — saved 3/15
    [length cap] meta-llama/Llama-3.3-70B-Instruct truncated reply at 512 tokens; retrying with 1536
    [run 8 turn 19] context window full — ending conversation (18 turns kept)
  [run 8] done (18 turns) — saved 4/15
    [length cap] meta-llama/Llama-3.3-70B-Instruct truncated reply at 512 tokens; retrying with 1536
    [run 12 turn 19] context window full — ending conversation (18 turns kept)
  [run 12] done (18 turns) — saved 5/15
  [run 5] done (30 turns) — saved 6/15
    [length cap] meta-llama/Llama-3.3-70B-Instruct truncated reply at 512 tokens; retrying with 1536
    [run 10 turn 20] context window full — ending conversation (19 turns kept)
  [run 10] done (19 turns) — saved 7/15
    [length cap] meta-llama/Llama-3.3-70B-Instruct truncated reply at 512 tokens; retrying with 1536
    [length cap] meta-llama/Llama-3.3-70B-Instruct truncated reply at 512 tokens; retrying with 1536
    [length cap] meta-llama/Llama-3.3-70B-Instruct truncated reply at 512 tokens; retrying with 1536
    [run 0 turn 21] context window full — ending conversation (20 turns kept)
  [run 0] done (20 turns) — saved 8/15
    [length cap] meta-llama/Llama-3.3-70B-Instruct truncated reply at 512 tokens; retrying with 1536
    [length cap] meta-llama/Llama-3.3-70B-Instruct truncated reply at 512 tokens; retrying with 1536
    [length cap] meta-llama/Llama-3.3-70B-Instruct truncated reply at 512 tokens; retrying with 1536
    [run 2 turn 26] context window full — ending conversation (25 turns kept)
  [run 2] done (25 turns) — saved 9/15
    [length cap] meta-llama/Llama-3.3-70B-Instruct truncated reply at 512 tokens; retrying with 1536
    [run 6 turn 21] context window full — ending conversation (20 turns kept)
  [run 6] done (20 turns) — saved 10/15
    [length cap] meta-llama/Llama-3.3-70B-Instruct truncated reply at 512 tokens; retrying with 1536
    [run 3 turn 22] context window full — ending conversation (21 turns kept)
  [run 3] done (21 turns) — saved 11/15
    [length cap] meta-llama/Llama-3.3-70B-Instruct truncated reply at 512 tokens; retrying with 1536
    [run 14 turn 22] context window full — ending conversation (21 turns kept)
  [run 14] done (21 turns) — saved 12/15
    [length cap] meta-llama/Llama-3.3-70B-Instruct truncated reply at 512 tokens; retrying with 1536
    [run 4 turn 25] context window full — ending conversation (24 turns kept)
  [run 4] done (24 turns) — saved 13/15
    [length cap] meta-llama/Llama-3.3-70B-Instruct truncated reply at 512 tokens; retrying with 1536
    [run 13 turn 22] context window full — ending conversation (21 turns kept)
  [run 13] done (21 turns) — saved 14/15
    [length cap] meta-llama/Llama-3.3-70B-Instruct truncated reply at 512 tokens; retrying with 1536
    [run 1 turn 23] context window full — ending conversation (22 turns kept)
  [run 1] done (22 turns) — saved 15/15
  wrote results/axis_llama_3_3_70b_nosys_ai2ai/two_instance__meta-llama-Llama-3.3-70B-Instruct__none__goodness_opener_v1__temp1.0.md
[axis_llama_3_3_70b_nosys_ai2ai] mode=two_instance temp=1.3 -> 15 runs -> results/axis_llama_3_3_70b_nosys_ai2ai/two_instance__meta-llama-Llama-3.3-70B-Instruct__none__goodness_opener_v1__temp1.3.json
    [length cap] meta-llama/Llama-3.3-70B-Instruct truncated reply at 512 tokens; retrying with 1536
    [length cap] meta-llama/Llama-3.3-70B-Instruct truncated reply at 512 tokens; retrying with 1536
    [length cap] meta-llama/Llama-3.3-70B-Instruct truncated reply at 512 tokens; retrying with 1536
    [length cap] meta-llama/Llama-3.3-70B-Instruct truncated reply at 512 tokens; retrying with 1536
    [length cap] meta-llama/Llama-3.3-70B-Instruct truncated reply at 512 tokens; retrying with 1536
    [length cap] meta-llama/Llama-3.3-70B-Instruct truncated reply at 512 tokens; retrying with 1536
    [length cap] meta-llama/Llama-3.3-70B-Instruct truncated reply at 512 tokens; retrying with 1536
    [length cap] meta-llama/Llama-3.3-70B-Instruct truncated reply at 512 tokens; retrying with 1536
    [length cap] meta-llama/Llama-3.3-70B-Instruct truncated reply at 512 tokens; retrying with 1536
    [length cap] meta-llama/Llama-3.3-70B-Instruct truncated reply at 512 tokens; retrying with 1536
    [length cap] meta-llama/Llama-3.3-70B-Instruct truncated reply at 512 tokens; retrying with 1536
    [length cap] meta-llama/Llama-3.3-70B-Instruct truncated reply at 512 tokens; retrying with 1536
    [length cap] meta-llama/Llama-3.3-70B-Instruct truncated reply at 512 tokens; retrying with 1536
    [length cap] meta-llama/Llama-3.3-70B-Instruct truncated reply at 512 tokens; retrying with 1536
    [length cap] meta-llama/Llama-3.3-70B-Instruct truncated reply at 512 tokens; retrying with 1536
    [length cap] meta-llama/Llama-3.3-70B-Instruct truncated reply at 512 tokens; retrying with 1536
    [length cap] meta-llama/Llama-3.3-70B-Instruct truncated reply at 512 tokens; retrying with 1536
    [length cap] meta-llama/Llama-3.3-70B-Instruct truncated reply at 512 tokens; retrying with 1536
    [length cap] meta-llama/Llama-3.3-70B-Instruct truncated reply at 512 tokens; retrying with 1536
    [length cap] meta-llama/Llama-3.3-70B-Instruct truncated reply at 512 tokens; retrying with 1536
    [length cap] meta-llama/Llama-3.3-70B-Instruct truncated reply at 512 tokens; retrying with 1536
    [length cap] meta-llama/Llama-3.3-70B-Instruct truncated reply at 512 tokens; retrying with 1536
    [length cap] meta-llama/Llama-3.3-70B-Instruct truncated reply at 512 tokens; retrying with 1536
    [length cap] meta-llama/Llama-3.3-70B-Instruct truncated reply at 512 tokens; retrying with 1536
    [length cap] meta-llama/Llama-3.3-70B-Instruct truncated reply at 512 tokens; retrying with 1536
    [length cap] meta-llama/Llama-3.3-70B-Instruct truncated reply at 512 tokens; retrying with 1536
    [length cap] meta-llama/Llama-3.3-70B-Instruct truncated reply at 512 tokens; retrying with 1536
    [length cap] meta-llama/Llama-3.3-70B-Instruct truncated reply at 512 tokens; retrying with 1536
    [length cap] meta-llama/Llama-3.3-70B-Instruct truncated reply at 512 tokens; retrying with 1536
    [length cap] meta-llama/Llama-3.3-70B-Instruct truncated reply at 512 tokens; retrying with 1536
    [length cap] meta-llama/Llama-3.3-70B-Instruct truncated reply at 512 tokens; retrying with 1536
    [length cap] meta-llama/Llama-3.3-70B-Instruct truncated reply at 512 tokens; retrying with 1536
    [length cap] meta-llama/Llama-3.3-70B-Instruct truncated reply at 512 tokens; retrying with 1536
    [length cap] meta-llama/Llama-3.3-70B-Instruct truncated reply at 512 tokens; retrying with 1536
    [length cap] meta-llama/Llama-3.3-70B-Instruct truncated reply at 512 tokens; retrying with 1536
    [length cap] meta-llama/Llama-3.3-70B-Instruct truncated reply at 512 tokens; retrying with 1536
    [length cap] meta-llama/Llama-3.3-70B-Instruct truncated reply at 512 tokens; retrying with 1536
    [length cap] meta-llama/Llama-3.3-70B-Instruct truncated reply at 512 tokens; retrying with 1536
    [length cap] meta-llama/Llama-3.3-70B-Instruct truncated reply at 512 tokens; retrying with 1536
    [length cap] meta-llama/Llama-3.3-70B-Instruct truncated reply at 512 tokens; retrying with 1536
    [length cap] meta-llama/Llama-3.3-70B-Instruct truncated reply at 512 tokens; retrying with 1536
    [length cap] meta-llama/Llama-3.3-70B-Instruct truncated reply at 512 tokens; retrying with 1536
    [length cap] meta-llama/Llama-3.3-70B-Instruct truncated reply at 512 tokens; retrying with 1536
    [length cap] meta-llama/Llama-3.3-70B-Instruct truncated reply at 512 tokens; retrying with 1536
    [length cap] meta-llama/Llama-3.3-70B-Instruct truncated reply at 512 tokens; retrying with 1536
    [length cap] meta-llama/Llama-3.3-70B-Instruct truncated reply at 512 tokens; retrying with 1536
    [length cap] meta-llama/Llama-3.3-70B-Instruct truncated reply at 512 tokens; retrying with 1536
    [length cap] meta-llama/Llama-3.3-70B-Instruct truncated reply at 512 tokens; retrying with 1536
    [length cap] meta-llama/Llama-3.3-70B-Instruct truncated reply at 512 tokens; retrying with 1536
    [length cap] meta-llama/Llama-3.3-70B-Instruct truncated reply at 512 tokens; retrying with 1536
    [length cap] meta-llama/Llama-3.3-70B-Instruct truncated reply at 512 tokens; retrying with 1536
    [length cap] meta-llama/Llama-3.3-70B-Instruct truncated reply at 512 tokens; retrying with 1536
    [length cap] meta-llama/Llama-3.3-70B-Instruct truncated reply at 512 tokens; retrying with 1536
    [length cap] meta-llama/Llama-3.3-70B-Instruct truncated reply at 512 tokens; retrying with 1536
    [length cap] meta-llama/Llama-3.3-70B-Instruct truncated reply at 512 tokens; retrying with 1536
    [length cap] meta-llama/Llama-3.3-70B-Instruct truncated reply at 512 tokens; retrying with 1536
    [length cap] meta-llama/Llama-3.3-70B-Instruct truncated reply at 512 tokens; retrying with 1536
    [length cap] meta-llama/Llama-3.3-70B-Instruct truncated reply at 512 tokens; retrying with 1536
    [length cap] meta-llama/Llama-3.3-70B-Instruct truncated reply at 512 tokens; retrying with 1536
    [length cap] meta-llama/Llama-3.3-70B-Instruct truncated reply at 512 tokens; retrying with 1536
    [length cap] meta-llama/Llama-3.3-70B-Instruct truncated reply at 512 tokens; retrying with 1536
    [length cap] meta-llama/Llama-3.3-70B-Instruct truncated reply at 512 tokens; retrying with 1536
    [length cap] meta-llama/Llama-3.3-70B-Instruct truncated reply at 512 tokens; retrying with 1536
    [length cap] meta-llama/Llama-3.3-70B-Instruct truncated reply at 512 tokens; retrying with 1536
    [length cap] meta-llama/Llama-3.3-70B-Instruct truncated reply at 512 tokens; retrying with 1536
    [length cap] meta-llama/Llama-3.3-70B-Instruct truncated reply at 512 tokens; retrying with 1536
    [length cap] meta-llama/Llama-3.3-70B-Instruct truncated reply at 512 tokens; retrying with 1536
    [length cap] meta-llama/Llama-3.3-70B-Instruct truncated reply at 512 tokens; retrying with 1536
    [length cap] meta-llama/Llama-3.3-70B-Instruct truncated reply at 512 tokens; retrying with 1536
    [length cap] meta-llama/Llama-3.3-70B-Instruct truncated reply at 512 tokens; retrying with 1536
    [length cap] meta-llama/Llama-3.3-70B-Instruct truncated reply at 512 tokens; retrying with 1536
    [length cap] meta-llama/Llama-3.3-70B-Instruct truncated reply at 512 tokens; retrying with 1536
    [length cap] meta-llama/Llama-3.3-70B-Instruct truncated reply at 512 tokens; retrying with 1536
    [length cap] meta-llama/Llama-3.3-70B-Instruct truncated reply at 512 tokens; retrying with 1536
    [length cap] meta-llama/Llama-3.3-70B-Instruct truncated reply at 512 tokens; retrying with 1536
    [length cap] meta-llama/Llama-3.3-70B-Instruct truncated reply at 512 tokens; retrying with 1536
    [length cap] meta-llama/Llama-3.3-70B-Instruct truncated reply at 512 tokens; retrying with 1536
    [length cap] meta-llama/Llama-3.3-70B-Instruct truncated reply at 512 tokens; retrying with 1536
    [length cap] meta-llama/Llama-3.3-70B-Instruct truncated reply at 512 tokens; retrying with 1536
    [length cap] meta-llama/Llama-3.3-70B-Instruct truncated reply at 512 tokens; retrying with 1536
    [length cap] meta-llama/Llama-3.3-70B-Instruct truncated reply at 512 tokens; retrying with 1536
    [length cap] meta-llama/Llama-3.3-70B-Instruct truncated reply at 512 tokens; retrying with 1536
    [length cap] meta-llama/Llama-3.3-70B-Instruct truncated reply at 512 tokens; retrying with 1536
    [length cap] meta-llama/Llama-3.3-70B-Instruct truncated reply at 512 tokens; retrying with 1536
    [length cap] meta-llama/Llama-3.3-70B-Instruct truncated reply at 512 tokens; retrying with 1536
    [length cap] meta-llama/Llama-3.3-70B-Instruct truncated reply at 512 tokens; retrying with 1536
    [length cap] meta-llama/Llama-3.3-70B-Instruct truncated reply at 512 tokens; retrying with 1536
    [length cap] meta-llama/Llama-3.3-70B-Instruct truncated reply at 512 tokens; retrying with 1536
    [length cap] meta-llama/Llama-3.3-70B-Instruct truncated reply at 512 tokens; retrying with 1536
    [length cap] meta-llama/Llama-3.3-70B-Instruct truncated reply at 512 tokens; retrying with 1536
    [length cap] meta-llama/Llama-3.3-70B-Instruct truncated reply at 512 tokens; retrying with 1536
    [length cap] meta-llama/Llama-3.3-70B-Instruct truncated reply at 512 tokens; retrying with 1536
    [length cap] meta-llama/Llama-3.3-70B-Instruct truncated reply at 512 tokens; retrying with 1536
    [length cap] meta-llama/Llama-3.3-70B-Instruct truncated reply at 512 tokens; retrying with 1536
    [length cap] meta-llama/Llama-3.3-70B-Instruct truncated reply at 512 tokens; retrying with 1536
    [length cap] meta-llama/Llama-3.3-70B-Instruct truncated reply at 512 tokens; retrying with 1536
    [length cap] meta-llama/Llama-3.3-70B-Instruct truncated reply at 512 tokens; retrying with 1536
    [length cap] meta-llama/Llama-3.3-70B-Instruct truncated reply at 512 tokens; retrying with 1536
    [length cap] meta-llama/Llama-3.3-70B-Instruct truncated reply at 512 tokens; retrying with 1536
    [length cap] meta-llama/Llama-3.3-70B-Instruct truncated reply at 512 tokens; retrying with 1536
    [length cap] meta-llama/Llama-3.3-70B-Instruct truncated reply at 512 tokens; retrying with 1536
    [length cap] meta-llama/Llama-3.3-70B-Instruct truncated reply at 512 tokens; retrying with 1536
    [length cap] meta-llama/Llama-3.3-70B-Instruct truncated reply at 512 tokens; retrying with 1536
    [length cap] meta-llama/Llama-3.3-70B-Instruct truncated reply at 512 tokens; retrying with 1536
    [length cap] meta-llama/Llama-3.3-70B-Instruct truncated reply at 512 tokens; retrying with 1536
    [length cap] meta-llama/Llama-3.3-70B-Instruct truncated reply at 512 tokens; retrying with 1536
    [length cap] meta-llama/Llama-3.3-70B-Instruct truncated reply at 512 tokens; retrying with 1536
    [length cap] meta-llama/Llama-3.3-70B-Instruct truncated reply at 512 tokens; retrying with 1536
    [length cap] meta-llama/Llama-3.3-70B-Instruct truncated reply at 512 tokens; retrying with 1536
    [length cap] meta-llama/Llama-3.3-70B-Instruct truncated reply at 512 tokens; retrying with 1536
    [length cap] meta-llama/Llama-3.3-70B-Instruct truncated reply at 512 tokens; retrying with 1536
    [length cap] meta-llama/Llama-3.3-70B-Instruct truncated reply at 512 tokens; retrying with 1536
    [length cap] meta-llama/Llama-3.3-70B-Instruct truncated reply at 512 tokens; retrying with 1536
    [length cap] meta-llama/Llama-3.3-70B-Instruct truncated reply at 512 tokens; retrying with 1536
    [length cap] meta-llama/Llama-3.3-70B-Instruct truncated reply at 512 tokens; retrying with 1536
    [length cap] meta-llama/Llama-3.3-70B-Instruct truncated reply at 512 tokens; retrying with 1536
    [length cap] meta-llama/Llama-3.3-70B-Instruct truncated reply at 512 tokens; retrying with 1536
    [length cap] meta-llama/Llama-3.3-70B-Instruct truncated reply at 512 tokens; retrying with 1536
    [length cap] meta-llama/Llama-3.3-70B-Instruct truncated reply at 512 tokens; retrying with 1536
    [length cap] meta-llama/Llama-3.3-70B-Instruct truncated reply at 512 tokens; retrying with 1536
    [length cap] meta-llama/Llama-3.3-70B-Instruct truncated reply at 512 tokens; retrying with 1536
    [length cap] meta-llama/Llama-3.3-70B-Instruct truncated reply at 512 tokens; retrying with 1536
    [length cap] meta-llama/Llama-3.3-70B-Instruct truncated reply at 512 tokens; retrying with 1536
    [length cap] meta-llama/Llama-3.3-70B-Instruct truncated reply at 512 tokens; retrying with 1536
    [length cap] meta-llama/Llama-3.3-70B-Instruct truncated reply at 512 tokens; retrying with 1536
    [length cap] meta-llama/Llama-3.3-70B-Instruct truncated reply at 512 tokens; retrying with 1536
    [length cap] meta-llama/Llama-3.3-70B-Instruct truncated reply at 512 tokens; retrying with 1536
    [length cap] meta-llama/Llama-3.3-70B-Instruct truncated reply at 512 tokens; retrying with 1536
    [length cap] meta-llama/Llama-3.3-70B-Instruct truncated reply at 512 tokens; retrying with 1536
    [length cap] meta-llama/Llama-3.3-70B-Instruct truncated reply at 512 tokens; retrying with 1536
    [length cap] meta-llama/Llama-3.3-70B-Instruct truncated reply at 512 tokens; retrying with 1536
    [length cap] meta-llama/Llama-3.3-70B-Instruct truncated reply at 512 tokens; retrying with 1536
    [length cap] meta-llama/Llama-3.3-70B-Instruct truncated reply at 512 tokens; retrying with 1536
    [length cap] meta-llama/Llama-3.3-70B-Instruct truncated reply at 512 tokens; retrying with 1536
    [length cap] meta-llama/Llama-3.3-70B-Instruct truncated reply at 512 tokens; retrying with 1536
    [length cap] meta-llama/Llama-3.3-70B-Instruct truncated reply at 512 tokens; retrying with 1536
    [length cap] meta-llama/Llama-3.3-70B-Instruct truncated reply at 512 tokens; retrying with 1536
    [length cap] meta-llama/Llama-3.3-70B-Instruct truncated reply at 512 tokens; retrying with 1536
    [length cap] meta-llama/Llama-3.3-70B-Instruct truncated reply at 512 tokens; retrying with 1536
    [length cap] meta-llama/Llama-3.3-70B-Instruct truncated reply at 512 tokens; retrying with 1536
    [length cap] meta-llama/Llama-3.3-70B-Instruct truncated reply at 512 tokens; retrying with 1536
    [length cap] meta-llama/Llama-3.3-70B-Instruct truncated reply at 512 tokens; retrying with 1536
    [length cap] meta-llama/Llama-3.3-70B-Instruct truncated reply at 512 tokens; retrying with 1536
    [length cap] meta-llama/Llama-3.3-70B-Instruct truncated reply at 512 tokens; retrying with 1536
    [length cap] meta-llama/Llama-3.3-70B-Instruct truncated reply at 512 tokens; retrying with 1536
    [length cap] meta-llama/Llama-3.3-70B-Instruct truncated reply at 512 tokens; retrying with 1536
    [length cap] meta-llama/Llama-3.3-70B-Instruct truncated reply at 512 tokens; retrying with 1536
    [length cap] meta-llama/Llama-3.3-70B-Instruct truncated reply at 512 tokens; retrying with 1536
    [length cap] meta-llama/Llama-3.3-70B-Instruct truncated reply at 512 tokens; retrying with 1536
    [length cap] meta-llama/Llama-3.3-70B-Instruct truncated reply at 512 tokens; retrying with 1536
    [length cap] meta-llama/Llama-3.3-70B-Instruct truncated reply at 512 tokens; retrying with 1536
    [length cap] meta-llama/Llama-3.3-70B-Instruct truncated reply at 512 tokens; retrying with 1536
    [length cap] meta-llama/Llama-3.3-70B-Instruct truncated reply at 512 tokens; retrying with 1536
    [length cap] meta-llama/Llama-3.3-70B-Instruct truncated reply at 512 tokens; retrying with 1536
    [length cap] meta-llama/Llama-3.3-70B-Instruct truncated reply at 512 tokens; retrying with 1536
    [length cap] meta-llama/Llama-3.3-70B-Instruct truncated reply at 512 tokens; retrying with 1536
    [length cap] meta-llama/Llama-3.3-70B-Instruct truncated reply at 512 tokens; retrying with 1536
    [length cap] meta-llama/Llama-3.3-70B-Instruct truncated reply at 512 tokens; retrying with 1536
    [length cap] meta-llama/Llama-3.3-70B-Instruct truncated reply at 512 tokens; retrying with 1536
    [length cap] meta-llama/Llama-3.3-70B-Instruct truncated reply at 512 tokens; retrying with 1536
    [length cap] meta-llama/Llama-3.3-70B-Instruct truncated reply at 512 tokens; retrying with 1536
    [length cap] meta-llama/Llama-3.3-70B-Instruct truncated reply at 512 tokens; retrying with 1536
    [length cap] meta-llama/Llama-3.3-70B-Instruct truncated reply at 512 tokens; retrying with 1536
    [length cap] meta-llama/Llama-3.3-70B-Instruct truncated reply at 512 tokens; retrying with 1536
    [length cap] meta-llama/Llama-3.3-70B-Instruct truncated reply at 512 tokens; retrying with 1536
    [length cap] meta-llama/Llama-3.3-70B-Instruct truncated reply at 512 tokens; retrying with 1536
    [length cap] meta-llama/Llama-3.3-70B-Instruct truncated reply at 512 tokens; retrying with 1536
    [length cap] meta-llama/Llama-3.3-70B-Instruct truncated reply at 512 tokens; retrying with 1536
    [length cap] meta-llama/Llama-3.3-70B-Instruct truncated reply at 512 tokens; retrying with 1536
    [length cap] meta-llama/Llama-3.3-70B-Instruct truncated reply at 512 tokens; retrying with 1536
    [length cap] meta-llama/Llama-3.3-70B-Instruct truncated reply at 512 tokens; retrying with 1536
    [length cap] meta-llama/Llama-3.3-70B-Instruct truncated reply at 512 tokens; retrying with 1536
    [length cap] meta-llama/Llama-3.3-70B-Instruct truncated reply at 512 tokens; retrying with 1536
    [length cap] meta-llama/Llama-3.3-70B-Instruct truncated reply at 512 tokens; retrying with 1536
    [length cap] meta-llama/Llama-3.3-70B-Instruct truncated reply at 512 tokens; retrying with 1536
    [length cap] meta-llama/Llama-3.3-70B-Instruct truncated reply at 512 tokens; retrying with 1536
    [length cap] meta-llama/Llama-3.3-70B-Instruct truncated reply at 512 tokens; retrying with 1536
    [length cap] meta-llama/Llama-3.3-70B-Instruct truncated reply at 512 tokens; retrying with 1536
    [length cap] meta-llama/Llama-3.3-70B-Instruct truncated reply at 512 tokens; retrying with 1536
    [length cap] meta-llama/Llama-3.3-70B-Instruct truncated reply at 512 tokens; retrying with 1536
    [length cap] meta-llama/Llama-3.3-70B-Instruct truncated reply at 512 tokens; retrying with 1536
    [length cap] meta-llama/Llama-3.3-70B-Instruct truncated reply at 512 tokens; retrying with 1536
    [length cap] meta-llama/Llama-3.3-70B-Instruct truncated reply at 512 tokens; retrying with 1536
    [length cap] meta-llama/Llama-3.3-70B-Instruct truncated reply at 512 tokens; retrying with 1536
    [length cap] meta-llama/Llama-3.3-70B-Instruct truncated reply at 512 tokens; retrying with 1536
    [length cap] meta-llama/Llama-3.3-70B-Instruct truncated reply at 512 tokens; retrying with 1536
    [length cap] meta-llama/Llama-3.3-70B-Instruct truncated reply at 512 tokens; retrying with 1536
    [length cap] meta-llama/Llama-3.3-70B-Instruct truncated reply at 512 tokens; retrying with 1536
    [length cap] meta-llama/Llama-3.3-70B-Instruct truncated reply at 512 tokens; retrying with 1536
    [length cap] meta-llama/Llama-3.3-70B-Instruct truncated reply at 512 tokens; retrying with 1536
    [length cap] meta-llama/Llama-3.3-70B-Instruct truncated reply at 512 tokens; retrying with 1536
    [length cap] meta-llama/Llama-3.3-70B-Instruct truncated reply at 512 tokens; retrying with 1536
    [length cap] meta-llama/Llama-3.3-70B-Instruct truncated reply at 512 tokens; retrying with 1536
    [length cap] meta-llama/Llama-3.3-70B-Instruct truncated reply at 512 tokens; retrying with 1536
    [length cap] meta-llama/Llama-3.3-70B-Instruct truncated reply at 512 tokens; retrying with 1536
    [length cap] meta-llama/Llama-3.3-70B-Instruct truncated reply at 512 tokens; retrying with 1536
    [length cap] meta-llama/Llama-3.3-70B-Instruct truncated reply at 512 tokens; retrying with 1536
    [length cap] meta-llama/Llama-3.3-70B-Instruct truncated reply at 512 tokens; retrying with 1536
    [length cap] meta-llama/Llama-3.3-70B-Instruct truncated reply at 512 tokens; retrying with 1536
    [length cap] meta-llama/Llama-3.3-70B-Instruct truncated reply at 512 tokens; retrying with 1536
    [length cap] meta-llama/Llama-3.3-70B-Instruct truncated reply at 512 tokens; retrying with 1536
    [length cap] meta-llama/Llama-3.3-70B-Instruct truncated reply at 512 tokens; retrying with 1536
    [length cap] meta-llama/Llama-3.3-70B-Instruct truncated reply at 512 tokens; retrying with 1536
    [length cap] meta-llama/Llama-3.3-70B-Instruct truncated reply at 512 tokens; retrying with 1536
    [length cap] meta-llama/Llama-3.3-70B-Instruct truncated reply at 512 tokens; retrying with 1536
    [length cap] meta-llama/Llama-3.3-70B-Instruct truncated reply at 512 tokens; retrying with 1536
    [length cap] meta-llama/Llama-3.3-70B-Instruct truncated reply at 512 tokens; retrying with 1536
    [length cap] meta-llama/Llama-3.3-70B-Instruct truncated reply at 512 tokens; retrying with 1536
    [length cap] meta-llama/Llama-3.3-70B-Instruct truncated reply at 512 tokens; retrying with 1536
    [length cap] meta-llama/Llama-3.3-70B-Instruct truncated reply at 512 tokens; retrying with 1536
    [length cap] meta-llama/Llama-3.3-70B-Instruct truncated reply at 512 tokens; retrying with 1536
    [length cap] meta-llama/Llama-3.3-70B-Instruct truncated reply at 512 tokens; retrying with 1536
    [length cap] meta-llama/Llama-3.3-70B-Instruct truncated reply at 512 tokens; retrying with 1536
    [length cap] meta-llama/Llama-3.3-70B-Instruct truncated reply at 512 tokens; retrying with 1536
    [length cap] meta-llama/Llama-3.3-70B-Instruct truncated reply at 512 tokens; retrying with 1536
    [length cap] meta-llama/Llama-3.3-70B-Instruct truncated reply at 512 tokens; retrying with 1536
    [length cap] meta-llama/Llama-3.3-70B-Instruct truncated reply at 512 tokens; retrying with 1536
    [length cap] meta-llama/Llama-3.3-70B-Instruct truncated reply at 512 tokens; retrying with 1536
    [length cap] meta-llama/Llama-3.3-70B-Instruct truncated reply at 512 tokens; retrying with 1536
    [length cap] meta-llama/Llama-3.3-70B-Instruct truncated reply at 512 tokens; retrying with 1536
    [length cap] meta-llama/Llama-3.3-70B-Instruct truncated reply at 512 tokens; retrying with 1536
    [length cap] meta-llama/Llama-3.3-70B-Instruct truncated reply at 512 tokens; retrying with 1536
    [length cap] meta-llama/Llama-3.3-70B-Instruct truncated reply at 512 tokens; retrying with 1536
    [length cap] meta-llama/Llama-3.3-70B-Instruct truncated reply at 512 tokens; retrying with 1536
    [length cap] meta-llama/Llama-3.3-70B-Instruct truncated reply at 512 tokens; retrying with 1536
    [length cap] meta-llama/Llama-3.3-70B-Instruct truncated reply at 512 tokens; retrying with 1536
    [length cap] meta-llama/Llama-3.3-70B-Instruct truncated reply at 512 tokens; retrying with 1536
    [length cap] meta-llama/Llama-3.3-70B-Instruct truncated reply at 512 tokens; retrying with 1536
    [length cap] meta-llama/Llama-3.3-70B-Instruct truncated reply at 512 tokens; retrying with 1536
    [length cap] meta-llama/Llama-3.3-70B-Instruct truncated reply at 512 tokens; retrying with 1536
    [length cap] meta-llama/Llama-3.3-70B-Instruct truncated reply at 512 tokens; retrying with 1536
    [length cap] meta-llama/Llama-3.3-70B-Instruct truncated reply at 512 tokens; retrying with 1536
    [length cap] meta-llama/Llama-3.3-70B-Instruct truncated reply at 512 tokens; retrying with 1536
    [length cap] meta-llama/Llama-3.3-70B-Instruct truncated reply at 512 tokens; retrying with 1536
  [run 4] done (30 turns) — saved 1/15
    [length cap] meta-llama/Llama-3.3-70B-Instruct truncated reply at 512 tokens; retrying with 1536
    [length cap] meta-llama/Llama-3.3-70B-Instruct truncated reply at 512 tokens; retrying with 1536
    [length cap] meta-llama/Llama-3.3-70B-Instruct truncated reply at 512 tokens; retrying with 1536
    [length cap] meta-llama/Llama-3.3-70B-Instruct truncated reply at 512 tokens; retrying with 1536
    [length cap] meta-llama/Llama-3.3-70B-Instruct truncated reply at 512 tokens; retrying with 1536
    [length cap] meta-llama/Llama-3.3-70B-Instruct truncated reply at 512 tokens; retrying with 1536
    [length cap] meta-llama/Llama-3.3-70B-Instruct truncated reply at 512 tokens; retrying with 1536
    [length cap] meta-llama/Llama-3.3-70B-Instruct truncated reply at 512 tokens; retrying with 1536
    [length cap] meta-llama/Llama-3.3-70B-Instruct truncated reply at 512 tokens; retrying with 1536
    [run 12 turn 18] context window full — ending conversation (17 turns kept)
  [run 12] done (17 turns) — saved 2/15
    [length cap] meta-llama/Llama-3.3-70B-Instruct truncated reply at 512 tokens; retrying with 1536
    [length cap] meta-llama/Llama-3.3-70B-Instruct truncated reply at 512 tokens; retrying with 1536
  [run 10] done (30 turns) — saved 3/15
    [length cap] meta-llama/Llama-3.3-70B-Instruct truncated reply at 512 tokens; retrying with 1536
    [length cap] meta-llama/Llama-3.3-70B-Instruct truncated reply at 512 tokens; retrying with 1536
    [length cap] meta-llama/Llama-3.3-70B-Instruct truncated reply at 512 tokens; retrying with 1536
    [length cap] meta-llama/Llama-3.3-70B-Instruct truncated reply at 512 tokens; retrying with 1536
    [run 9 turn 19] context window full — ending conversation (18 turns kept)
  [run 9] done (18 turns) — saved 4/15
    [length cap] meta-llama/Llama-3.3-70B-Instruct truncated reply at 512 tokens; retrying with 1536
    [run 13 turn 19] context window full — ending conversation (18 turns kept)
  [run 13] done (18 turns) — saved 5/15
    [length cap] meta-llama/Llama-3.3-70B-Instruct truncated reply at 512 tokens; retrying with 1536
    [length cap] meta-llama/Llama-3.3-70B-Instruct truncated reply at 512 tokens; retrying with 1536
    [run 2 turn 20] context window full — ending conversation (19 turns kept)
  [run 2] done (19 turns) — saved 6/15
    [length cap] meta-llama/Llama-3.3-70B-Instruct truncated reply at 512 tokens; retrying with 1536
    [run 0 turn 19] context window full — ending conversation (18 turns kept)
  [run 0] done (18 turns) — saved 7/15
    [length cap] meta-llama/Llama-3.3-70B-Instruct truncated reply at 512 tokens; retrying with 1536
    [run 11 turn 20] context window full — ending conversation (19 turns kept)
  [run 11] done (19 turns) — saved 8/15
    [length cap] meta-llama/Llama-3.3-70B-Instruct truncated reply at 512 tokens; retrying with 1536
    [length cap] meta-llama/Llama-3.3-70B-Instruct truncated reply at 512 tokens; retrying with 1536
    [run 7 turn 25] context window full — ending conversation (24 turns kept)
  [run 7] done (24 turns) — saved 9/15
    [length cap] meta-llama/Llama-3.3-70B-Instruct truncated reply at 512 tokens; retrying with 1536
    [length cap] meta-llama/Llama-3.3-70B-Instruct truncated reply at 512 tokens; retrying with 1536
    [run 1 turn 20] context window full — ending conversation (19 turns kept)
  [run 1] done (19 turns) — saved 10/15
    [length cap] meta-llama/Llama-3.3-70B-Instruct truncated reply at 512 tokens; retrying with 1536
    [run 6 turn 20] context window full — ending conversation (19 turns kept)
  [run 6] done (19 turns) — saved 11/15
  [run 8] done (30 turns) — saved 12/15
    [length cap] meta-llama/Llama-3.3-70B-Instruct truncated reply at 512 tokens; retrying with 1536
    [run 5 turn 22] context window full — ending conversation (21 turns kept)
  [run 5] done (21 turns) — saved 13/15
    [length cap] meta-llama/Llama-3.3-70B-Instruct truncated reply at 512 tokens; retrying with 1536
    [run 14 turn 21] context window full — ending conversation (20 turns kept)
  [run 14] done (20 turns) — saved 14/15
    [length cap] meta-llama/Llama-3.3-70B-Instruct truncated reply at 512 tokens; retrying with 1536
    [run 3 turn 23] context window full — ending conversation (22 turns kept)
  [run 3] done (22 turns) — saved 15/15
  wrote results/axis_llama_3_3_70b_nosys_ai2ai/two_instance__meta-llama-Llama-3.3-70B-Instruct__none__goodness_opener_v1__temp1.3.md

Wrote condition files:
  results/axis_llama_3_3_70b_nosys_ai2ai/two_instance__meta-llama-Llama-3.3-70B-Instruct__none__goodness_opener_v1__temp0.7.json
  results/axis_llama_3_3_70b_nosys_ai2ai/two_instance__meta-llama-Llama-3.3-70B-Instruct__none__goodness_opener_v1__temp1.0.json
  results/axis_llama_3_3_70b_nosys_ai2ai/two_instance__meta-llama-Llama-3.3-70B-Instruct__none__goodness_opener_v1__temp1.3.json
Wrote results/axis_llama_3_3_70b_nosys_ai2ai/analysis/two_instance__meta-llama-Llama-3.3-70B-Instruct__none__goodness_opener_v1__temp0.7__stage1.json  (15 runs)
Wrote results/axis_llama_3_3_70b_nosys_ai2ai/analysis/two_instance__meta-llama-Llama-3.3-70B-Instruct__none__goodness_opener_v1__temp0.7__stage1.md
Wrote results/axis_llama_3_3_70b_nosys_ai2ai/analysis/two_instance__meta-llama-Llama-3.3-70B-Instruct__none__goodness_opener_v1__temp1.0__stage1.json  (15 runs)
Wrote results/axis_llama_3_3_70b_nosys_ai2ai/analysis/two_instance__meta-llama-Llama-3.3-70B-Instruct__none__goodness_opener_v1__temp1.0__stage1.md
Wrote results/axis_llama_3_3_70b_nosys_ai2ai/analysis/two_instance__meta-llama-Llama-3.3-70B-Instruct__none__goodness_opener_v1__temp1.3__stage1.json  (15 runs)
Wrote results/axis_llama_3_3_70b_nosys_ai2ai/analysis/two_instance__meta-llama-Llama-3.3-70B-Instruct__none__goodness_opener_v1__temp1.3__stage1.md
  generating: llama-3.3-70b / condition=helpful -> results/axis_llama_3_3_70b_ai2ai (16 parallel)...
[axis_llama_3_3_70b_ai2ai] mode=two_instance temp=0.7 -> 15 runs -> results/axis_llama_3_3_70b_ai2ai/two_instance__meta-llama-Llama-3.3-70B-Instruct__helpful_assistant__goodness_opener_v1__temp0.7.json
    [length cap] meta-llama/Llama-3.3-70B-Instruct truncated reply at 512 tokens; retrying with 1536
    [length cap] meta-llama/Llama-3.3-70B-Instruct truncated reply at 512 tokens; retrying with 1536
    [length cap] meta-llama/Llama-3.3-70B-Instruct truncated reply at 512 tokens; retrying with 1536
    [length cap] meta-llama/Llama-3.3-70B-Instruct truncated reply at 512 tokens; retrying with 1536
    [length cap] meta-llama/Llama-3.3-70B-Instruct truncated reply at 512 tokens; retrying with 1536
    [length cap] meta-llama/Llama-3.3-70B-Instruct truncated reply at 512 tokens; retrying with 1536
    [length cap] meta-llama/Llama-3.3-70B-Instruct truncated reply at 512 tokens; retrying with 1536
    [length cap] meta-llama/Llama-3.3-70B-Instruct truncated reply at 512 tokens; retrying with 1536
    [length cap] meta-llama/Llama-3.3-70B-Instruct truncated reply at 512 tokens; retrying with 1536
    [length cap] meta-llama/Llama-3.3-70B-Instruct truncated reply at 512 tokens; retrying with 1536
    [length cap] meta-llama/Llama-3.3-70B-Instruct truncated reply at 512 tokens; retrying with 1536
    [length cap] meta-llama/Llama-3.3-70B-Instruct truncated reply at 512 tokens; retrying with 1536
    [length cap] meta-llama/Llama-3.3-70B-Instruct truncated reply at 512 tokens; retrying with 1536
    [length cap] meta-llama/Llama-3.3-70B-Instruct truncated reply at 512 tokens; retrying with 1536
    [length cap] meta-llama/Llama-3.3-70B-Instruct truncated reply at 512 tokens; retrying with 1536
    [length cap] meta-llama/Llama-3.3-70B-Instruct truncated reply at 512 tokens; retrying with 1536
    [length cap] meta-llama/Llama-3.3-70B-Instruct truncated reply at 512 tokens; retrying with 1536
    [length cap] meta-llama/Llama-3.3-70B-Instruct truncated reply at 512 tokens; retrying with 1536
    [length cap] meta-llama/Llama-3.3-70B-Instruct truncated reply at 512 tokens; retrying with 1536
    [length cap] meta-llama/Llama-3.3-70B-Instruct truncated reply at 512 tokens; retrying with 1536
    [length cap] meta-llama/Llama-3.3-70B-Instruct truncated reply at 512 tokens; retrying with 1536
    [length cap] meta-llama/Llama-3.3-70B-Instruct truncated reply at 512 tokens; retrying with 1536
    [length cap] meta-llama/Llama-3.3-70B-Instruct truncated reply at 512 tokens; retrying with 1536
    [length cap] meta-llama/Llama-3.3-70B-Instruct truncated reply at 512 tokens; retrying with 1536
    [length cap] meta-llama/Llama-3.3-70B-Instruct truncated reply at 512 tokens; retrying with 1536
    [length cap] meta-llama/Llama-3.3-70B-Instruct truncated reply at 512 tokens; retrying with 1536
    [length cap] meta-llama/Llama-3.3-70B-Instruct truncated reply at 512 tokens; retrying with 1536
    [length cap] meta-llama/Llama-3.3-70B-Instruct truncated reply at 512 tokens; retrying with 1536
    [length cap] meta-llama/Llama-3.3-70B-Instruct truncated reply at 512 tokens; retrying with 1536
    [length cap] meta-llama/Llama-3.3-70B-Instruct truncated reply at 512 tokens; retrying with 1536
    [length cap] meta-llama/Llama-3.3-70B-Instruct truncated reply at 512 tokens; retrying with 1536
    [length cap] meta-llama/Llama-3.3-70B-Instruct truncated reply at 512 tokens; retrying with 1536
    [length cap] meta-llama/Llama-3.3-70B-Instruct truncated reply at 512 tokens; retrying with 1536
    [length cap] meta-llama/Llama-3.3-70B-Instruct truncated reply at 512 tokens; retrying with 1536
    [length cap] meta-llama/Llama-3.3-70B-Instruct truncated reply at 512 tokens; retrying with 1536
    [length cap] meta-llama/Llama-3.3-70B-Instruct truncated reply at 512 tokens; retrying with 1536
    [length cap] meta-llama/Llama-3.3-70B-Instruct truncated reply at 512 tokens; retrying with 1536
    [length cap] meta-llama/Llama-3.3-70B-Instruct truncated reply at 512 tokens; retrying with 1536
    [length cap] meta-llama/Llama-3.3-70B-Instruct truncated reply at 512 tokens; retrying with 1536
    [length cap] meta-llama/Llama-3.3-70B-Instruct truncated reply at 512 tokens; retrying with 1536
    [length cap] meta-llama/Llama-3.3-70B-Instruct truncated reply at 512 tokens; retrying with 1536
    [length cap] meta-llama/Llama-3.3-70B-Instruct truncated reply at 512 tokens; retrying with 1536
    [length cap] meta-llama/Llama-3.3-70B-Instruct truncated reply at 512 tokens; retrying with 1536
    [length cap] meta-llama/Llama-3.3-70B-Instruct truncated reply at 512 tokens; retrying with 1536
    [length cap] meta-llama/Llama-3.3-70B-Instruct truncated reply at 512 tokens; retrying with 1536
    [length cap] meta-llama/Llama-3.3-70B-Instruct truncated reply at 512 tokens; retrying with 1536
    [length cap] meta-llama/Llama-3.3-70B-Instruct truncated reply at 512 tokens; retrying with 1536
    [length cap] meta-llama/Llama-3.3-70B-Instruct truncated reply at 512 tokens; retrying with 1536
    [length cap] meta-llama/Llama-3.3-70B-Instruct truncated reply at 512 tokens; retrying with 1536
    [length cap] meta-llama/Llama-3.3-70B-Instruct truncated reply at 512 tokens; retrying with 1536
    [length cap] meta-llama/Llama-3.3-70B-Instruct truncated reply at 512 tokens; retrying with 1536
    [length cap] meta-llama/Llama-3.3-70B-Instruct truncated reply at 512 tokens; retrying with 1536
    [length cap] meta-llama/Llama-3.3-70B-Instruct truncated reply at 512 tokens; retrying with 1536
    [length cap] meta-llama/Llama-3.3-70B-Instruct truncated reply at 512 tokens; retrying with 1536
    [length cap] meta-llama/Llama-3.3-70B-Instruct truncated reply at 512 tokens; retrying with 1536
    [length cap] meta-llama/Llama-3.3-70B-Instruct truncated reply at 512 tokens; retrying with 1536
    [length cap] meta-llama/Llama-3.3-70B-Instruct truncated reply at 512 tokens; retrying with 1536
    [length cap] meta-llama/Llama-3.3-70B-Instruct truncated reply at 512 tokens; retrying with 1536
    [length cap] meta-llama/Llama-3.3-70B-Instruct truncated reply at 512 tokens; retrying with 1536
    [length cap] meta-llama/Llama-3.3-70B-Instruct truncated reply at 512 tokens; retrying with 1536
    [length cap] meta-llama/Llama-3.3-70B-Instruct truncated reply at 512 tokens; retrying with 1536
    [length cap] meta-llama/Llama-3.3-70B-Instruct truncated reply at 512 tokens; retrying with 1536
    [length cap] meta-llama/Llama-3.3-70B-Instruct truncated reply at 512 tokens; retrying with 1536
    [length cap] meta-llama/Llama-3.3-70B-Instruct truncated reply at 512 tokens; retrying with 1536
    [length cap] meta-llama/Llama-3.3-70B-Instruct truncated reply at 512 tokens; retrying with 1536
    [length cap] meta-llama/Llama-3.3-70B-Instruct truncated reply at 512 tokens; retrying with 1536
    [length cap] meta-llama/Llama-3.3-70B-Instruct truncated reply at 512 tokens; retrying with 1536
    [length cap] meta-llama/Llama-3.3-70B-Instruct truncated reply at 512 tokens; retrying with 1536
    [length cap] meta-llama/Llama-3.3-70B-Instruct truncated reply at 512 tokens; retrying with 1536
    [length cap] meta-llama/Llama-3.3-70B-Instruct truncated reply at 512 tokens; retrying with 1536
    [length cap] meta-llama/Llama-3.3-70B-Instruct truncated reply at 512 tokens; retrying with 1536
    [length cap] meta-llama/Llama-3.3-70B-Instruct truncated reply at 512 tokens; retrying with 1536
    [length cap] meta-llama/Llama-3.3-70B-Instruct truncated reply at 512 tokens; retrying with 1536
    [length cap] meta-llama/Llama-3.3-70B-Instruct truncated reply at 512 tokens; retrying with 1536
    [length cap] meta-llama/Llama-3.3-70B-Instruct truncated reply at 512 tokens; retrying with 1536
    [length cap] meta-llama/Llama-3.3-70B-Instruct truncated reply at 512 tokens; retrying with 1536
    [length cap] meta-llama/Llama-3.3-70B-Instruct truncated reply at 512 tokens; retrying with 1536
    [length cap] meta-llama/Llama-3.3-70B-Instruct truncated reply at 512 tokens; retrying with 1536
    [length cap] meta-llama/Llama-3.3-70B-Instruct truncated reply at 512 tokens; retrying with 1536
    [length cap] meta-llama/Llama-3.3-70B-Instruct truncated reply at 512 tokens; retrying with 1536
    [length cap] meta-llama/Llama-3.3-70B-Instruct truncated reply at 512 tokens; retrying with 1536
    [length cap] meta-llama/Llama-3.3-70B-Instruct truncated reply at 512 tokens; retrying with 1536
    [length cap] meta-llama/Llama-3.3-70B-Instruct truncated reply at 512 tokens; retrying with 1536
    [length cap] meta-llama/Llama-3.3-70B-Instruct truncated reply at 512 tokens; retrying with 1536
    [length cap] meta-llama/Llama-3.3-70B-Instruct truncated reply at 512 tokens; retrying with 1536
    [length cap] meta-llama/Llama-3.3-70B-Instruct truncated reply at 512 tokens; retrying with 1536
    [length cap] meta-llama/Llama-3.3-70B-Instruct truncated reply at 512 tokens; retrying with 1536
    [length cap] meta-llama/Llama-3.3-70B-Instruct truncated reply at 512 tokens; retrying with 1536
    [length cap] meta-llama/Llama-3.3-70B-Instruct truncated reply at 512 tokens; retrying with 1536
    [length cap] meta-llama/Llama-3.3-70B-Instruct truncated reply at 512 tokens; retrying with 1536
    [length cap] meta-llama/Llama-3.3-70B-Instruct truncated reply at 512 tokens; retrying with 1536
    [length cap] meta-llama/Llama-3.3-70B-Instruct truncated reply at 512 tokens; retrying with 1536
    [length cap] meta-llama/Llama-3.3-70B-Instruct truncated reply at 512 tokens; retrying with 1536
    [length cap] meta-llama/Llama-3.3-70B-Instruct truncated reply at 512 tokens; retrying with 1536
    [length cap] meta-llama/Llama-3.3-70B-Instruct truncated reply at 512 tokens; retrying with 1536
    [length cap] meta-llama/Llama-3.3-70B-Instruct truncated reply at 512 tokens; retrying with 1536
    [length cap] meta-llama/Llama-3.3-70B-Instruct truncated reply at 512 tokens; retrying with 1536
    [length cap] meta-llama/Llama-3.3-70B-Instruct truncated reply at 512 tokens; retrying with 1536
    [length cap] meta-llama/Llama-3.3-70B-Instruct truncated reply at 512 tokens; retrying with 1536
    [length cap] meta-llama/Llama-3.3-70B-Instruct truncated reply at 512 tokens; retrying with 1536
    [length cap] meta-llama/Llama-3.3-70B-Instruct truncated reply at 512 tokens; retrying with 1536
    [length cap] meta-llama/Llama-3.3-70B-Instruct truncated reply at 512 tokens; retrying with 1536
    [length cap] meta-llama/Llama-3.3-70B-Instruct truncated reply at 512 tokens; retrying with 1536
    [length cap] meta-llama/Llama-3.3-70B-Instruct truncated reply at 512 tokens; retrying with 1536
    [length cap] meta-llama/Llama-3.3-70B-Instruct truncated reply at 512 tokens; retrying with 1536
    [length cap] meta-llama/Llama-3.3-70B-Instruct truncated reply at 512 tokens; retrying with 1536
    [length cap] meta-llama/Llama-3.3-70B-Instruct truncated reply at 512 tokens; retrying with 1536
    [length cap] meta-llama/Llama-3.3-70B-Instruct truncated reply at 512 tokens; retrying with 1536
    [length cap] meta-llama/Llama-3.3-70B-Instruct truncated reply at 512 tokens; retrying with 1536
    [length cap] meta-llama/Llama-3.3-70B-Instruct truncated reply at 512 tokens; retrying with 1536
    [length cap] meta-llama/Llama-3.3-70B-Instruct truncated reply at 512 tokens; retrying with 1536
    [length cap] meta-llama/Llama-3.3-70B-Instruct truncated reply at 512 tokens; retrying with 1536
    [length cap] meta-llama/Llama-3.3-70B-Instruct truncated reply at 512 tokens; retrying with 1536
    [length cap] meta-llama/Llama-3.3-70B-Instruct truncated reply at 512 tokens; retrying with 1536
    [length cap] meta-llama/Llama-3.3-70B-Instruct truncated reply at 512 tokens; retrying with 1536
    [length cap] meta-llama/Llama-3.3-70B-Instruct truncated reply at 512 tokens; retrying with 1536
    [length cap] meta-llama/Llama-3.3-70B-Instruct truncated reply at 512 tokens; retrying with 1536
    [length cap] meta-llama/Llama-3.3-70B-Instruct truncated reply at 512 tokens; retrying with 1536
    [length cap] meta-llama/Llama-3.3-70B-Instruct truncated reply at 512 tokens; retrying with 1536
    [length cap] meta-llama/Llama-3.3-70B-Instruct truncated reply at 512 tokens; retrying with 1536
    [length cap] meta-llama/Llama-3.3-70B-Instruct truncated reply at 512 tokens; retrying with 1536
    [length cap] meta-llama/Llama-3.3-70B-Instruct truncated reply at 512 tokens; retrying with 1536
    [length cap] meta-llama/Llama-3.3-70B-Instruct truncated reply at 512 tokens; retrying with 1536
    [length cap] meta-llama/Llama-3.3-70B-Instruct truncated reply at 512 tokens; retrying with 1536
    [length cap] meta-llama/Llama-3.3-70B-Instruct truncated reply at 512 tokens; retrying with 1536
    [length cap] meta-llama/Llama-3.3-70B-Instruct truncated reply at 512 tokens; retrying with 1536
    [length cap] meta-llama/Llama-3.3-70B-Instruct truncated reply at 512 tokens; retrying with 1536
    [length cap] meta-llama/Llama-3.3-70B-Instruct truncated reply at 512 tokens; retrying with 1536
    [length cap] meta-llama/Llama-3.3-70B-Instruct truncated reply at 512 tokens; retrying with 1536
    [length cap] meta-llama/Llama-3.3-70B-Instruct truncated reply at 512 tokens; retrying with 1536
    [length cap] meta-llama/Llama-3.3-70B-Instruct truncated reply at 512 tokens; retrying with 1536
    [length cap] meta-llama/Llama-3.3-70B-Instruct truncated reply at 512 tokens; retrying with 1536
    [length cap] meta-llama/Llama-3.3-70B-Instruct truncated reply at 512 tokens; retrying with 1536
    [length cap] meta-llama/Llama-3.3-70B-Instruct truncated reply at 512 tokens; retrying with 1536
    [length cap] meta-llama/Llama-3.3-70B-Instruct truncated reply at 512 tokens; retrying with 1536
    [length cap] meta-llama/Llama-3.3-70B-Instruct truncated reply at 512 tokens; retrying with 1536
    [length cap] meta-llama/Llama-3.3-70B-Instruct truncated reply at 512 tokens; retrying with 1536
    [length cap] meta-llama/Llama-3.3-70B-Instruct truncated reply at 512 tokens; retrying with 1536
    [length cap] meta-llama/Llama-3.3-70B-Instruct truncated reply at 512 tokens; retrying with 1536
    [length cap] meta-llama/Llama-3.3-70B-Instruct truncated reply at 512 tokens; retrying with 1536
    [length cap] meta-llama/Llama-3.3-70B-Instruct truncated reply at 512 tokens; retrying with 1536
    [length cap] meta-llama/Llama-3.3-70B-Instruct truncated reply at 512 tokens; retrying with 1536
    [length cap] meta-llama/Llama-3.3-70B-Instruct truncated reply at 512 tokens; retrying with 1536
    [length cap] meta-llama/Llama-3.3-70B-Instruct truncated reply at 512 tokens; retrying with 1536
    [length cap] meta-llama/Llama-3.3-70B-Instruct truncated reply at 512 tokens; retrying with 1536
    [length cap] meta-llama/Llama-3.3-70B-Instruct truncated reply at 512 tokens; retrying with 1536
    [length cap] meta-llama/Llama-3.3-70B-Instruct truncated reply at 512 tokens; retrying with 1536
    [length cap] meta-llama/Llama-3.3-70B-Instruct truncated reply at 512 tokens; retrying with 1536
    [length cap] meta-llama/Llama-3.3-70B-Instruct truncated reply at 512 tokens; retrying with 1536
    [length cap] meta-llama/Llama-3.3-70B-Instruct truncated reply at 512 tokens; retrying with 1536
    [length cap] meta-llama/Llama-3.3-70B-Instruct truncated reply at 512 tokens; retrying with 1536
    [length cap] meta-llama/Llama-3.3-70B-Instruct truncated reply at 512 tokens; retrying with 1536
    [length cap] meta-llama/Llama-3.3-70B-Instruct truncated reply at 512 tokens; retrying with 1536
    [length cap] meta-llama/Llama-3.3-70B-Instruct truncated reply at 512 tokens; retrying with 1536
    [length cap] meta-llama/Llama-3.3-70B-Instruct truncated reply at 512 tokens; retrying with 1536
    [length cap] meta-llama/Llama-3.3-70B-Instruct truncated reply at 512 tokens; retrying with 1536
    [length cap] meta-llama/Llama-3.3-70B-Instruct truncated reply at 512 tokens; retrying with 1536
    [length cap] meta-llama/Llama-3.3-70B-Instruct truncated reply at 512 tokens; retrying with 1536
    [length cap] meta-llama/Llama-3.3-70B-Instruct truncated reply at 512 tokens; retrying with 1536
    [length cap] meta-llama/Llama-3.3-70B-Instruct truncated reply at 512 tokens; retrying with 1536
    [length cap] meta-llama/Llama-3.3-70B-Instruct truncated reply at 512 tokens; retrying with 1536
    [length cap] meta-llama/Llama-3.3-70B-Instruct truncated reply at 512 tokens; retrying with 1536
    [length cap] meta-llama/Llama-3.3-70B-Instruct truncated reply at 512 tokens; retrying with 1536
    [length cap] meta-llama/Llama-3.3-70B-Instruct truncated reply at 512 tokens; retrying with 1536
    [length cap] meta-llama/Llama-3.3-70B-Instruct truncated reply at 512 tokens; retrying with 1536
    [length cap] meta-llama/Llama-3.3-70B-Instruct truncated reply at 512 tokens; retrying with 1536
    [length cap] meta-llama/Llama-3.3-70B-Instruct truncated reply at 512 tokens; retrying with 1536
    [length cap] meta-llama/Llama-3.3-70B-Instruct truncated reply at 512 tokens; retrying with 1536
    [length cap] meta-llama/Llama-3.3-70B-Instruct truncated reply at 512 tokens; retrying with 1536
    [length cap] meta-llama/Llama-3.3-70B-Instruct truncated reply at 512 tokens; retrying with 1536
    [length cap] meta-llama/Llama-3.3-70B-Instruct truncated reply at 512 tokens; retrying with 1536
    [length cap] meta-llama/Llama-3.3-70B-Instruct truncated reply at 512 tokens; retrying with 1536
    [length cap] meta-llama/Llama-3.3-70B-Instruct truncated reply at 512 tokens; retrying with 1536
    [length cap] meta-llama/Llama-3.3-70B-Instruct truncated reply at 512 tokens; retrying with 1536
    [length cap] meta-llama/Llama-3.3-70B-Instruct truncated reply at 512 tokens; retrying with 1536
    [length cap] meta-llama/Llama-3.3-70B-Instruct truncated reply at 512 tokens; retrying with 1536
    [length cap] meta-llama/Llama-3.3-70B-Instruct truncated reply at 512 tokens; retrying with 1536
    [length cap] meta-llama/Llama-3.3-70B-Instruct truncated reply at 512 tokens; retrying with 1536
    [length cap] meta-llama/Llama-3.3-70B-Instruct truncated reply at 512 tokens; retrying with 1536
    [length cap] meta-llama/Llama-3.3-70B-Instruct truncated reply at 512 tokens; retrying with 1536
    [length cap] meta-llama/Llama-3.3-70B-Instruct truncated reply at 512 tokens; retrying with 1536
    [length cap] meta-llama/Llama-3.3-70B-Instruct truncated reply at 512 tokens; retrying with 1536
    [length cap] meta-llama/Llama-3.3-70B-Instruct truncated reply at 512 tokens; retrying with 1536
    [length cap] meta-llama/Llama-3.3-70B-Instruct truncated reply at 512 tokens; retrying with 1536
    [length cap] meta-llama/Llama-3.3-70B-Instruct truncated reply at 512 tokens; retrying with 1536
    [length cap] meta-llama/Llama-3.3-70B-Instruct truncated reply at 512 tokens; retrying with 1536
    [length cap] meta-llama/Llama-3.3-70B-Instruct truncated reply at 512 tokens; retrying with 1536
    [length cap] meta-llama/Llama-3.3-70B-Instruct truncated reply at 512 tokens; retrying with 1536
    [length cap] meta-llama/Llama-3.3-70B-Instruct truncated reply at 512 tokens; retrying with 1536
    [length cap] meta-llama/Llama-3.3-70B-Instruct truncated reply at 512 tokens; retrying with 1536
    [length cap] meta-llama/Llama-3.3-70B-Instruct truncated reply at 512 tokens; retrying with 1536
    [length cap] meta-llama/Llama-3.3-70B-Instruct truncated reply at 512 tokens; retrying with 1536
    [length cap] meta-llama/Llama-3.3-70B-Instruct truncated reply at 512 tokens; retrying with 1536
    [length cap] meta-llama/Llama-3.3-70B-Instruct truncated reply at 512 tokens; retrying with 1536
    [length cap] meta-llama/Llama-3.3-70B-Instruct truncated reply at 512 tokens; retrying with 1536
    [length cap] meta-llama/Llama-3.3-70B-Instruct truncated reply at 512 tokens; retrying with 1536
    [length cap] meta-llama/Llama-3.3-70B-Instruct truncated reply at 512 tokens; retrying with 1536
    [length cap] meta-llama/Llama-3.3-70B-Instruct truncated reply at 512 tokens; retrying with 1536
    [length cap] meta-llama/Llama-3.3-70B-Instruct truncated reply at 512 tokens; retrying with 1536
    [length cap] meta-llama/Llama-3.3-70B-Instruct truncated reply at 512 tokens; retrying with 1536
    [length cap] meta-llama/Llama-3.3-70B-Instruct truncated reply at 512 tokens; retrying with 1536
    [length cap] meta-llama/Llama-3.3-70B-Instruct truncated reply at 512 tokens; retrying with 1536
  [run 8] done (30 turns) — saved 1/15
    [length cap] meta-llama/Llama-3.3-70B-Instruct truncated reply at 512 tokens; retrying with 1536
    [length cap] meta-llama/Llama-3.3-70B-Instruct truncated reply at 512 tokens; retrying with 1536
    [length cap] meta-llama/Llama-3.3-70B-Instruct truncated reply at 512 tokens; retrying with 1536
    [length cap] meta-llama/Llama-3.3-70B-Instruct truncated reply at 512 tokens; retrying with 1536
    [length cap] meta-llama/Llama-3.3-70B-Instruct truncated reply at 512 tokens; retrying with 1536
    [length cap] meta-llama/Llama-3.3-70B-Instruct truncated reply at 512 tokens; retrying with 1536
    [length cap] meta-llama/Llama-3.3-70B-Instruct truncated reply at 512 tokens; retrying with 1536
    [length cap] meta-llama/Llama-3.3-70B-Instruct truncated reply at 512 tokens; retrying with 1536
    [length cap] meta-llama/Llama-3.3-70B-Instruct truncated reply at 512 tokens; retrying with 1536
    [length cap] meta-llama/Llama-3.3-70B-Instruct truncated reply at 512 tokens; retrying with 1536
    [length cap] meta-llama/Llama-3.3-70B-Instruct truncated reply at 512 tokens; retrying with 1536
    [length cap] meta-llama/Llama-3.3-70B-Instruct truncated reply at 512 tokens; retrying with 1536
    [length cap] meta-llama/Llama-3.3-70B-Instruct truncated reply at 512 tokens; retrying with 1536
    [length cap] meta-llama/Llama-3.3-70B-Instruct truncated reply at 512 tokens; retrying with 1536
    [length cap] meta-llama/Llama-3.3-70B-Instruct truncated reply at 512 tokens; retrying with 1536
    [length cap] meta-llama/Llama-3.3-70B-Instruct truncated reply at 512 tokens; retrying with 1536
    [length cap] meta-llama/Llama-3.3-70B-Instruct truncated reply at 512 tokens; retrying with 1536
    [length cap] meta-llama/Llama-3.3-70B-Instruct truncated reply at 512 tokens; retrying with 1536
    [length cap] meta-llama/Llama-3.3-70B-Instruct truncated reply at 512 tokens; retrying with 1536
    [length cap] meta-llama/Llama-3.3-70B-Instruct truncated reply at 512 tokens; retrying with 1536
    [length cap] meta-llama/Llama-3.3-70B-Instruct truncated reply at 512 tokens; retrying with 1536
    [length cap] meta-llama/Llama-3.3-70B-Instruct truncated reply at 512 tokens; retrying with 1536
    [run 3 turn 15] context window full — ending conversation (14 turns kept)
  [run 3] done (14 turns) — saved 2/15
    [length cap] meta-llama/Llama-3.3-70B-Instruct truncated reply at 512 tokens; retrying with 1536
    [length cap] meta-llama/Llama-3.3-70B-Instruct truncated reply at 512 tokens; retrying with 1536
    [length cap] meta-llama/Llama-3.3-70B-Instruct truncated reply at 512 tokens; retrying with 1536
    [length cap] meta-llama/Llama-3.3-70B-Instruct truncated reply at 512 tokens; retrying with 1536
    [length cap] meta-llama/Llama-3.3-70B-Instruct truncated reply at 512 tokens; retrying with 1536
    [length cap] meta-llama/Llama-3.3-70B-Instruct truncated reply at 512 tokens; retrying with 1536
    [length cap] meta-llama/Llama-3.3-70B-Instruct truncated reply at 512 tokens; retrying with 1536
    [length cap] meta-llama/Llama-3.3-70B-Instruct truncated reply at 512 tokens; retrying with 1536
    [length cap] meta-llama/Llama-3.3-70B-Instruct truncated reply at 512 tokens; retrying with 1536
    [length cap] meta-llama/Llama-3.3-70B-Instruct truncated reply at 512 tokens; retrying with 1536
    [length cap] meta-llama/Llama-3.3-70B-Instruct truncated reply at 512 tokens; retrying with 1536
    [length cap] meta-llama/Llama-3.3-70B-Instruct truncated reply at 512 tokens; retrying with 1536
    [length cap] meta-llama/Llama-3.3-70B-Instruct truncated reply at 512 tokens; retrying with 1536
    [length cap] meta-llama/Llama-3.3-70B-Instruct truncated reply at 512 tokens; retrying with 1536
    [length cap] meta-llama/Llama-3.3-70B-Instruct truncated reply at 512 tokens; retrying with 1536
    [length cap] meta-llama/Llama-3.3-70B-Instruct truncated reply at 512 tokens; retrying with 1536
    [length cap] meta-llama/Llama-3.3-70B-Instruct truncated reply at 512 tokens; retrying with 1536
    [length cap] meta-llama/Llama-3.3-70B-Instruct truncated reply at 512 tokens; retrying with 1536
    [length cap] meta-llama/Llama-3.3-70B-Instruct truncated reply at 512 tokens; retrying with 1536
    [length cap] meta-llama/Llama-3.3-70B-Instruct truncated reply at 512 tokens; retrying with 1536
    [run 9 turn 19] context window full — ending conversation (18 turns kept)
  [run 9] done (18 turns) — saved 3/15
    [length cap] meta-llama/Llama-3.3-70B-Instruct truncated reply at 512 tokens; retrying with 1536
    [run 10 turn 19] context window full — ending conversation (18 turns kept)
  [run 10] done (18 turns) — saved 4/15
    [length cap] meta-llama/Llama-3.3-70B-Instruct truncated reply at 512 tokens; retrying with 1536
    [length cap] meta-llama/Llama-3.3-70B-Instruct truncated reply at 512 tokens; retrying with 1536
    [run 0 turn 19] context window full — ending conversation (18 turns kept)
  [run 0] done (18 turns) — saved 5/15
    [length cap] meta-llama/Llama-3.3-70B-Instruct truncated reply at 512 tokens; retrying with 1536
    [length cap] meta-llama/Llama-3.3-70B-Instruct truncated reply at 512 tokens; retrying with 1536
    [length cap] meta-llama/Llama-3.3-70B-Instruct truncated reply at 512 tokens; retrying with 1536
    [length cap] meta-llama/Llama-3.3-70B-Instruct truncated reply at 1536 tokens; retrying with 4608
    [run 2 turn 17] context window full — ending conversation (16 turns kept)
  [run 2] done (16 turns) — saved 6/15
    [length cap] meta-llama/Llama-3.3-70B-Instruct truncated reply at 512 tokens; retrying with 1536
    [length cap] meta-llama/Llama-3.3-70B-Instruct truncated reply at 512 tokens; retrying with 1536
    [length cap] meta-llama/Llama-3.3-70B-Instruct truncated reply at 512 tokens; retrying with 1536
    [length cap] meta-llama/Llama-3.3-70B-Instruct truncated reply at 512 tokens; retrying with 1536
    [length cap] meta-llama/Llama-3.3-70B-Instruct truncated reply at 512 tokens; retrying with 1536
    [run 13 turn 23] context window full — ending conversation (22 turns kept)
  [run 13] done (22 turns) — saved 7/15
    [length cap] meta-llama/Llama-3.3-70B-Instruct truncated reply at 512 tokens; retrying with 1536
    [run 12 turn 26] context window full — ending conversation (25 turns kept)
  [run 12] done (25 turns) — saved 8/15
    [length cap] meta-llama/Llama-3.3-70B-Instruct truncated reply at 512 tokens; retrying with 1536
    [length cap] meta-llama/Llama-3.3-70B-Instruct truncated reply at 512 tokens; retrying with 1536
    [run 11 turn 26] context window full — ending conversation (25 turns kept)
  [run 11] done (25 turns) — saved 9/15
    [length cap] meta-llama/Llama-3.3-70B-Instruct truncated reply at 512 tokens; retrying with 1536
    [length cap] meta-llama/Llama-3.3-70B-Instruct truncated reply at 512 tokens; retrying with 1536
    [run 7 turn 22] context window full — ending conversation (21 turns kept)
  [run 7] done (21 turns) — saved 10/15
    [length cap] meta-llama/Llama-3.3-70B-Instruct truncated reply at 512 tokens; retrying with 1536
    [run 4 turn 22] context window full — ending conversation (21 turns kept)
  [run 4] done (21 turns) — saved 11/15
    [length cap] meta-llama/Llama-3.3-70B-Instruct truncated reply at 512 tokens; retrying with 1536
    [run 6 turn 23] context window full — ending conversation (22 turns kept)
  [run 6] done (22 turns) — saved 12/15
    [length cap] meta-llama/Llama-3.3-70B-Instruct truncated reply at 512 tokens; retrying with 1536
    [run 14 turn 23] context window full — ending conversation (22 turns kept)
  [run 14] done (22 turns) — saved 13/15
  [run 5] done (30 turns) — saved 14/15
    [length cap] meta-llama/Llama-3.3-70B-Instruct truncated reply at 512 tokens; retrying with 1536
    [run 1 turn 24] context window full — ending conversation (23 turns kept)
  [run 1] done (23 turns) — saved 15/15
  wrote results/axis_llama_3_3_70b_ai2ai/two_instance__meta-llama-Llama-3.3-70B-Instruct__helpful_assistant__goodness_opener_v1__temp0.7.md
[axis_llama_3_3_70b_ai2ai] mode=two_instance temp=1.0 -> 15 runs -> results/axis_llama_3_3_70b_ai2ai/two_instance__meta-llama-Llama-3.3-70B-Instruct__helpful_assistant__goodness_opener_v1__temp1.0.json
    [length cap] meta-llama/Llama-3.3-70B-Instruct truncated reply at 512 tokens; retrying with 1536
    [length cap] meta-llama/Llama-3.3-70B-Instruct truncated reply at 512 tokens; retrying with 1536
    [length cap] meta-llama/Llama-3.3-70B-Instruct truncated reply at 512 tokens; retrying with 1536
    [length cap] meta-llama/Llama-3.3-70B-Instruct truncated reply at 512 tokens; retrying with 1536
    [length cap] meta-llama/Llama-3.3-70B-Instruct truncated reply at 512 tokens; retrying with 1536
    [length cap] meta-llama/Llama-3.3-70B-Instruct truncated reply at 512 tokens; retrying with 1536
    [length cap] meta-llama/Llama-3.3-70B-Instruct truncated reply at 512 tokens; retrying with 1536    [length cap] meta-llama/Llama-3.3-70B-Instruct truncated reply at 512 tokens; retrying with 1536

    [length cap] meta-llama/Llama-3.3-70B-Instruct truncated reply at 512 tokens; retrying with 1536
    [length cap] meta-llama/Llama-3.3-70B-Instruct truncated reply at 512 tokens; retrying with 1536
    [length cap] meta-llama/Llama-3.3-70B-Instruct truncated reply at 512 tokens; retrying with 1536
    [length cap] meta-llama/Llama-3.3-70B-Instruct truncated reply at 512 tokens; retrying with 1536
    [length cap] meta-llama/Llama-3.3-70B-Instruct truncated reply at 512 tokens; retrying with 1536
    [length cap] meta-llama/Llama-3.3-70B-Instruct truncated reply at 512 tokens; retrying with 1536
    [length cap] meta-llama/Llama-3.3-70B-Instruct truncated reply at 512 tokens; retrying with 1536
    [length cap] meta-llama/Llama-3.3-70B-Instruct truncated reply at 512 tokens; retrying with 1536
    [length cap] meta-llama/Llama-3.3-70B-Instruct truncated reply at 512 tokens; retrying with 1536
    [length cap] meta-llama/Llama-3.3-70B-Instruct truncated reply at 512 tokens; retrying with 1536
    [length cap] meta-llama/Llama-3.3-70B-Instruct truncated reply at 512 tokens; retrying with 1536
    [length cap] meta-llama/Llama-3.3-70B-Instruct truncated reply at 512 tokens; retrying with 1536
    [length cap] meta-llama/Llama-3.3-70B-Instruct truncated reply at 512 tokens; retrying with 1536
    [length cap] meta-llama/Llama-3.3-70B-Instruct truncated reply at 512 tokens; retrying with 1536
    [length cap] meta-llama/Llama-3.3-70B-Instruct truncated reply at 512 tokens; retrying with 1536
    [length cap] meta-llama/Llama-3.3-70B-Instruct truncated reply at 512 tokens; retrying with 1536
    [length cap] meta-llama/Llama-3.3-70B-Instruct truncated reply at 512 tokens; retrying with 1536
    [length cap] meta-llama/Llama-3.3-70B-Instruct truncated reply at 512 tokens; retrying with 1536
    [length cap] meta-llama/Llama-3.3-70B-Instruct truncated reply at 512 tokens; retrying with 1536
    [length cap] meta-llama/Llama-3.3-70B-Instruct truncated reply at 512 tokens; retrying with 1536
    [length cap] meta-llama/Llama-3.3-70B-Instruct truncated reply at 512 tokens; retrying with 1536
    [length cap] meta-llama/Llama-3.3-70B-Instruct truncated reply at 512 tokens; retrying with 1536
    [length cap] meta-llama/Llama-3.3-70B-Instruct truncated reply at 512 tokens; retrying with 1536
    [length cap] meta-llama/Llama-3.3-70B-Instruct truncated reply at 512 tokens; retrying with 1536
    [length cap] meta-llama/Llama-3.3-70B-Instruct truncated reply at 512 tokens; retrying with 1536
    [length cap] meta-llama/Llama-3.3-70B-Instruct truncated reply at 512 tokens; retrying with 1536
    [length cap] meta-llama/Llama-3.3-70B-Instruct truncated reply at 512 tokens; retrying with 1536
    [length cap] meta-llama/Llama-3.3-70B-Instruct truncated reply at 512 tokens; retrying with 1536
    [length cap] meta-llama/Llama-3.3-70B-Instruct truncated reply at 512 tokens; retrying with 1536
    [length cap] meta-llama/Llama-3.3-70B-Instruct truncated reply at 512 tokens; retrying with 1536
    [length cap] meta-llama/Llama-3.3-70B-Instruct truncated reply at 512 tokens; retrying with 1536
    [length cap] meta-llama/Llama-3.3-70B-Instruct truncated reply at 512 tokens; retrying with 1536
    [length cap] meta-llama/Llama-3.3-70B-Instruct truncated reply at 512 tokens; retrying with 1536
    [length cap] meta-llama/Llama-3.3-70B-Instruct truncated reply at 512 tokens; retrying with 1536
    [length cap] meta-llama/Llama-3.3-70B-Instruct truncated reply at 512 tokens; retrying with 1536
    [length cap] meta-llama/Llama-3.3-70B-Instruct truncated reply at 512 tokens; retrying with 1536
    [length cap] meta-llama/Llama-3.3-70B-Instruct truncated reply at 512 tokens; retrying with 1536
    [length cap] meta-llama/Llama-3.3-70B-Instruct truncated reply at 512 tokens; retrying with 1536
    [length cap] meta-llama/Llama-3.3-70B-Instruct truncated reply at 512 tokens; retrying with 1536
    [length cap] meta-llama/Llama-3.3-70B-Instruct truncated reply at 512 tokens; retrying with 1536
    [length cap] meta-llama/Llama-3.3-70B-Instruct truncated reply at 512 tokens; retrying with 1536
    [length cap] meta-llama/Llama-3.3-70B-Instruct truncated reply at 512 tokens; retrying with 1536
    [length cap] meta-llama/Llama-3.3-70B-Instruct truncated reply at 512 tokens; retrying with 1536
    [length cap] meta-llama/Llama-3.3-70B-Instruct truncated reply at 512 tokens; retrying with 1536
    [length cap] meta-llama/Llama-3.3-70B-Instruct truncated reply at 512 tokens; retrying with 1536
    [length cap] meta-llama/Llama-3.3-70B-Instruct truncated reply at 512 tokens; retrying with 1536
    [length cap] meta-llama/Llama-3.3-70B-Instruct truncated reply at 512 tokens; retrying with 1536
    [length cap] meta-llama/Llama-3.3-70B-Instruct truncated reply at 512 tokens; retrying with 1536
    [length cap] meta-llama/Llama-3.3-70B-Instruct truncated reply at 512 tokens; retrying with 1536
    [length cap] meta-llama/Llama-3.3-70B-Instruct truncated reply at 512 tokens; retrying with 1536
    [length cap] meta-llama/Llama-3.3-70B-Instruct truncated reply at 512 tokens; retrying with 1536
    [length cap] meta-llama/Llama-3.3-70B-Instruct truncated reply at 512 tokens; retrying with 1536
    [length cap] meta-llama/Llama-3.3-70B-Instruct truncated reply at 512 tokens; retrying with 1536
    [length cap] meta-llama/Llama-3.3-70B-Instruct truncated reply at 512 tokens; retrying with 1536
    [length cap] meta-llama/Llama-3.3-70B-Instruct truncated reply at 512 tokens; retrying with 1536
    [length cap] meta-llama/Llama-3.3-70B-Instruct truncated reply at 512 tokens; retrying with 1536
    [length cap] meta-llama/Llama-3.3-70B-Instruct truncated reply at 512 tokens; retrying with 1536
    [length cap] meta-llama/Llama-3.3-70B-Instruct truncated reply at 512 tokens; retrying with 1536
    [length cap] meta-llama/Llama-3.3-70B-Instruct truncated reply at 512 tokens; retrying with 1536
    [length cap] meta-llama/Llama-3.3-70B-Instruct truncated reply at 512 tokens; retrying with 1536
    [length cap] meta-llama/Llama-3.3-70B-Instruct truncated reply at 512 tokens; retrying with 1536
    [length cap] meta-llama/Llama-3.3-70B-Instruct truncated reply at 512 tokens; retrying with 1536
    [length cap] meta-llama/Llama-3.3-70B-Instruct truncated reply at 512 tokens; retrying with 1536
    [length cap] meta-llama/Llama-3.3-70B-Instruct truncated reply at 512 tokens; retrying with 1536
    [length cap] meta-llama/Llama-3.3-70B-Instruct truncated reply at 512 tokens; retrying with 1536
    [length cap] meta-llama/Llama-3.3-70B-Instruct truncated reply at 512 tokens; retrying with 1536
    [length cap] meta-llama/Llama-3.3-70B-Instruct truncated reply at 512 tokens; retrying with 1536
    [length cap] meta-llama/Llama-3.3-70B-Instruct truncated reply at 512 tokens; retrying with 1536
    [length cap] meta-llama/Llama-3.3-70B-Instruct truncated reply at 512 tokens; retrying with 1536
    [length cap] meta-llama/Llama-3.3-70B-Instruct truncated reply at 512 tokens; retrying with 1536
    [length cap] meta-llama/Llama-3.3-70B-Instruct truncated reply at 512 tokens; retrying with 1536
    [length cap] meta-llama/Llama-3.3-70B-Instruct truncated reply at 512 tokens; retrying with 1536
    [length cap] meta-llama/Llama-3.3-70B-Instruct truncated reply at 512 tokens; retrying with 1536
    [length cap] meta-llama/Llama-3.3-70B-Instruct truncated reply at 512 tokens; retrying with 1536
    [length cap] meta-llama/Llama-3.3-70B-Instruct truncated reply at 512 tokens; retrying with 1536
    [length cap] meta-llama/Llama-3.3-70B-Instruct truncated reply at 512 tokens; retrying with 1536
    [length cap] meta-llama/Llama-3.3-70B-Instruct truncated reply at 512 tokens; retrying with 1536
    [length cap] meta-llama/Llama-3.3-70B-Instruct truncated reply at 512 tokens; retrying with 1536
    [length cap] meta-llama/Llama-3.3-70B-Instruct truncated reply at 512 tokens; retrying with 1536
    [length cap] meta-llama/Llama-3.3-70B-Instruct truncated reply at 512 tokens; retrying with 1536
    [length cap] meta-llama/Llama-3.3-70B-Instruct truncated reply at 512 tokens; retrying with 1536
    [length cap] meta-llama/Llama-3.3-70B-Instruct truncated reply at 512 tokens; retrying with 1536
    [length cap] meta-llama/Llama-3.3-70B-Instruct truncated reply at 512 tokens; retrying with 1536
    [length cap] meta-llama/Llama-3.3-70B-Instruct truncated reply at 512 tokens; retrying with 1536
    [length cap] meta-llama/Llama-3.3-70B-Instruct truncated reply at 512 tokens; retrying with 1536
    [length cap] meta-llama/Llama-3.3-70B-Instruct truncated reply at 512 tokens; retrying with 1536
    [length cap] meta-llama/Llama-3.3-70B-Instruct truncated reply at 512 tokens; retrying with 1536
    [length cap] meta-llama/Llama-3.3-70B-Instruct truncated reply at 512 tokens; retrying with 1536
    [length cap] meta-llama/Llama-3.3-70B-Instruct truncated reply at 512 tokens; retrying with 1536
    [length cap] meta-llama/Llama-3.3-70B-Instruct truncated reply at 512 tokens; retrying with 1536
    [length cap] meta-llama/Llama-3.3-70B-Instruct truncated reply at 512 tokens; retrying with 1536
    [length cap] meta-llama/Llama-3.3-70B-Instruct truncated reply at 512 tokens; retrying with 1536
    [length cap] meta-llama/Llama-3.3-70B-Instruct truncated reply at 512 tokens; retrying with 1536
    [length cap] meta-llama/Llama-3.3-70B-Instruct truncated reply at 512 tokens; retrying with 1536
    [length cap] meta-llama/Llama-3.3-70B-Instruct truncated reply at 512 tokens; retrying with 1536
    [length cap] meta-llama/Llama-3.3-70B-Instruct truncated reply at 512 tokens; retrying with 1536
    [length cap] meta-llama/Llama-3.3-70B-Instruct truncated reply at 512 tokens; retrying with 1536
    [length cap] meta-llama/Llama-3.3-70B-Instruct truncated reply at 512 tokens; retrying with 1536
    [length cap] meta-llama/Llama-3.3-70B-Instruct truncated reply at 512 tokens; retrying with 1536
    [length cap] meta-llama/Llama-3.3-70B-Instruct truncated reply at 512 tokens; retrying with 1536
    [length cap] meta-llama/Llama-3.3-70B-Instruct truncated reply at 512 tokens; retrying with 1536
    [length cap] meta-llama/Llama-3.3-70B-Instruct truncated reply at 512 tokens; retrying with 1536
    [length cap] meta-llama/Llama-3.3-70B-Instruct truncated reply at 512 tokens; retrying with 1536
    [length cap] meta-llama/Llama-3.3-70B-Instruct truncated reply at 512 tokens; retrying with 1536
    [length cap] meta-llama/Llama-3.3-70B-Instruct truncated reply at 512 tokens; retrying with 1536
    [length cap] meta-llama/Llama-3.3-70B-Instruct truncated reply at 512 tokens; retrying with 1536
    [length cap] meta-llama/Llama-3.3-70B-Instruct truncated reply at 512 tokens; retrying with 1536
    [length cap] meta-llama/Llama-3.3-70B-Instruct truncated reply at 512 tokens; retrying with 1536
    [length cap] meta-llama/Llama-3.3-70B-Instruct truncated reply at 512 tokens; retrying with 1536
    [length cap] meta-llama/Llama-3.3-70B-Instruct truncated reply at 512 tokens; retrying with 1536
    [length cap] meta-llama/Llama-3.3-70B-Instruct truncated reply at 512 tokens; retrying with 1536
    [length cap] meta-llama/Llama-3.3-70B-Instruct truncated reply at 512 tokens; retrying with 1536
    [length cap] meta-llama/Llama-3.3-70B-Instruct truncated reply at 512 tokens; retrying with 1536
    [length cap] meta-llama/Llama-3.3-70B-Instruct truncated reply at 512 tokens; retrying with 1536
    [length cap] meta-llama/Llama-3.3-70B-Instruct truncated reply at 512 tokens; retrying with 1536
    [length cap] meta-llama/Llama-3.3-70B-Instruct truncated reply at 512 tokens; retrying with 1536
    [length cap] meta-llama/Llama-3.3-70B-Instruct truncated reply at 512 tokens; retrying with 1536
    [length cap] meta-llama/Llama-3.3-70B-Instruct truncated reply at 512 tokens; retrying with 1536
    [length cap] meta-llama/Llama-3.3-70B-Instruct truncated reply at 512 tokens; retrying with 1536
    [length cap] meta-llama/Llama-3.3-70B-Instruct truncated reply at 512 tokens; retrying with 1536
    [length cap] meta-llama/Llama-3.3-70B-Instruct truncated reply at 512 tokens; retrying with 1536
    [length cap] meta-llama/Llama-3.3-70B-Instruct truncated reply at 512 tokens; retrying with 1536
    [length cap] meta-llama/Llama-3.3-70B-Instruct truncated reply at 512 tokens; retrying with 1536
    [length cap] meta-llama/Llama-3.3-70B-Instruct truncated reply at 512 tokens; retrying with 1536
    [length cap] meta-llama/Llama-3.3-70B-Instruct truncated reply at 512 tokens; retrying with 1536
    [length cap] meta-llama/Llama-3.3-70B-Instruct truncated reply at 512 tokens; retrying with 1536
    [length cap] meta-llama/Llama-3.3-70B-Instruct truncated reply at 512 tokens; retrying with 1536
    [length cap] meta-llama/Llama-3.3-70B-Instruct truncated reply at 1536 tokens; retrying with 4608
    [length cap] meta-llama/Llama-3.3-70B-Instruct truncated reply at 512 tokens; retrying with 1536
    [length cap] meta-llama/Llama-3.3-70B-Instruct truncated reply at 512 tokens; retrying with 1536
    [length cap] meta-llama/Llama-3.3-70B-Instruct truncated reply at 512 tokens; retrying with 1536
    [length cap] meta-llama/Llama-3.3-70B-Instruct truncated reply at 512 tokens; retrying with 1536
    [length cap] meta-llama/Llama-3.3-70B-Instruct truncated reply at 512 tokens; retrying with 1536
    [length cap] meta-llama/Llama-3.3-70B-Instruct truncated reply at 512 tokens; retrying with 1536
    [length cap] meta-llama/Llama-3.3-70B-Instruct truncated reply at 512 tokens; retrying with 1536
    [length cap] meta-llama/Llama-3.3-70B-Instruct truncated reply at 512 tokens; retrying with 1536
    [length cap] meta-llama/Llama-3.3-70B-Instruct truncated reply at 512 tokens; retrying with 1536
    [length cap] meta-llama/Llama-3.3-70B-Instruct truncated reply at 512 tokens; retrying with 1536
    [length cap] meta-llama/Llama-3.3-70B-Instruct truncated reply at 512 tokens; retrying with 1536
    [length cap] meta-llama/Llama-3.3-70B-Instruct truncated reply at 512 tokens; retrying with 1536
    [length cap] meta-llama/Llama-3.3-70B-Instruct truncated reply at 512 tokens; retrying with 1536
    [length cap] meta-llama/Llama-3.3-70B-Instruct truncated reply at 512 tokens; retrying with 1536
    [length cap] meta-llama/Llama-3.3-70B-Instruct truncated reply at 512 tokens; retrying with 1536
    [length cap] meta-llama/Llama-3.3-70B-Instruct truncated reply at 512 tokens; retrying with 1536
    [length cap] meta-llama/Llama-3.3-70B-Instruct truncated reply at 512 tokens; retrying with 1536
    [length cap] meta-llama/Llama-3.3-70B-Instruct truncated reply at 512 tokens; retrying with 1536
    [length cap] meta-llama/Llama-3.3-70B-Instruct truncated reply at 512 tokens; retrying with 1536
    [length cap] meta-llama/Llama-3.3-70B-Instruct truncated reply at 512 tokens; retrying with 1536
    [length cap] meta-llama/Llama-3.3-70B-Instruct truncated reply at 512 tokens; retrying with 1536
    [length cap] meta-llama/Llama-3.3-70B-Instruct truncated reply at 512 tokens; retrying with 1536
    [length cap] meta-llama/Llama-3.3-70B-Instruct truncated reply at 512 tokens; retrying with 1536
    [length cap] meta-llama/Llama-3.3-70B-Instruct truncated reply at 512 tokens; retrying with 1536
    [length cap] meta-llama/Llama-3.3-70B-Instruct truncated reply at 512 tokens; retrying with 1536
    [length cap] meta-llama/Llama-3.3-70B-Instruct truncated reply at 512 tokens; retrying with 1536
    [length cap] meta-llama/Llama-3.3-70B-Instruct truncated reply at 512 tokens; retrying with 1536
    [length cap] meta-llama/Llama-3.3-70B-Instruct truncated reply at 512 tokens; retrying with 1536
    [length cap] meta-llama/Llama-3.3-70B-Instruct truncated reply at 1536 tokens; retrying with 4608
    [length cap] meta-llama/Llama-3.3-70B-Instruct truncated reply at 512 tokens; retrying with 1536
    [length cap] meta-llama/Llama-3.3-70B-Instruct truncated reply at 512 tokens; retrying with 1536
    [length cap] meta-llama/Llama-3.3-70B-Instruct truncated reply at 512 tokens; retrying with 1536
    [length cap] meta-llama/Llama-3.3-70B-Instruct truncated reply at 512 tokens; retrying with 1536
    [length cap] meta-llama/Llama-3.3-70B-Instruct truncated reply at 512 tokens; retrying with 1536
    [length cap] meta-llama/Llama-3.3-70B-Instruct truncated reply at 512 tokens; retrying with 1536
    [length cap] meta-llama/Llama-3.3-70B-Instruct truncated reply at 512 tokens; retrying with 1536
    [length cap] meta-llama/Llama-3.3-70B-Instruct truncated reply at 512 tokens; retrying with 1536
    [length cap] meta-llama/Llama-3.3-70B-Instruct truncated reply at 512 tokens; retrying with 1536
    [length cap] meta-llama/Llama-3.3-70B-Instruct truncated reply at 1536 tokens; retrying with 4608
    [length cap] meta-llama/Llama-3.3-70B-Instruct truncated reply at 512 tokens; retrying with 1536
    [length cap] meta-llama/Llama-3.3-70B-Instruct truncated reply at 512 tokens; retrying with 1536
    [length cap] meta-llama/Llama-3.3-70B-Instruct truncated reply at 512 tokens; retrying with 1536
    [length cap] meta-llama/Llama-3.3-70B-Instruct truncated reply at 512 tokens; retrying with 1536
    [length cap] meta-llama/Llama-3.3-70B-Instruct truncated reply at 512 tokens; retrying with 1536
    [length cap] meta-llama/Llama-3.3-70B-Instruct truncated reply at 512 tokens; retrying with 1536
    [length cap] meta-llama/Llama-3.3-70B-Instruct truncated reply at 512 tokens; retrying with 1536
    [length cap] meta-llama/Llama-3.3-70B-Instruct truncated reply at 512 tokens; retrying with 1536
    [length cap] meta-llama/Llama-3.3-70B-Instruct truncated reply at 512 tokens; retrying with 1536
    [length cap] meta-llama/Llama-3.3-70B-Instruct truncated reply at 512 tokens; retrying with 1536
    [length cap] meta-llama/Llama-3.3-70B-Instruct truncated reply at 512 tokens; retrying with 1536
    [length cap] meta-llama/Llama-3.3-70B-Instruct truncated reply at 512 tokens; retrying with 1536
    [length cap] meta-llama/Llama-3.3-70B-Instruct truncated reply at 512 tokens; retrying with 1536
    [length cap] meta-llama/Llama-3.3-70B-Instruct truncated reply at 512 tokens; retrying with 1536
    [length cap] meta-llama/Llama-3.3-70B-Instruct truncated reply at 512 tokens; retrying with 1536
    [length cap] meta-llama/Llama-3.3-70B-Instruct truncated reply at 512 tokens; retrying with 1536
    [length cap] meta-llama/Llama-3.3-70B-Instruct truncated reply at 512 tokens; retrying with 1536
    [length cap] meta-llama/Llama-3.3-70B-Instruct truncated reply at 1536 tokens; retrying with 4608
    [length cap] meta-llama/Llama-3.3-70B-Instruct truncated reply at 512 tokens; retrying with 1536
    [length cap] meta-llama/Llama-3.3-70B-Instruct truncated reply at 512 tokens; retrying with 1536
    [length cap] meta-llama/Llama-3.3-70B-Instruct truncated reply at 512 tokens; retrying with 1536
    [length cap] meta-llama/Llama-3.3-70B-Instruct truncated reply at 512 tokens; retrying with 1536
    [length cap] meta-llama/Llama-3.3-70B-Instruct truncated reply at 512 tokens; retrying with 1536
    [length cap] meta-llama/Llama-3.3-70B-Instruct truncated reply at 512 tokens; retrying with 1536
    [length cap] meta-llama/Llama-3.3-70B-Instruct truncated reply at 1536 tokens; retrying with 4608
    [length cap] meta-llama/Llama-3.3-70B-Instruct truncated reply at 512 tokens; retrying with 1536
    [length cap] meta-llama/Llama-3.3-70B-Instruct truncated reply at 512 tokens; retrying with 1536
    [length cap] meta-llama/Llama-3.3-70B-Instruct truncated reply at 512 tokens; retrying with 1536
    [length cap] meta-llama/Llama-3.3-70B-Instruct truncated reply at 512 tokens; retrying with 1536
    [length cap] meta-llama/Llama-3.3-70B-Instruct truncated reply at 512 tokens; retrying with 1536
    [length cap] meta-llama/Llama-3.3-70B-Instruct truncated reply at 512 tokens; retrying with 1536
    [length cap] meta-llama/Llama-3.3-70B-Instruct truncated reply at 512 tokens; retrying with 1536
    [length cap] meta-llama/Llama-3.3-70B-Instruct truncated reply at 512 tokens; retrying with 1536
    [length cap] meta-llama/Llama-3.3-70B-Instruct truncated reply at 512 tokens; retrying with 1536
    [length cap] meta-llama/Llama-3.3-70B-Instruct truncated reply at 512 tokens; retrying with 1536
    [length cap] meta-llama/Llama-3.3-70B-Instruct truncated reply at 512 tokens; retrying with 1536
    [length cap] meta-llama/Llama-3.3-70B-Instruct truncated reply at 512 tokens; retrying with 1536
    [length cap] meta-llama/Llama-3.3-70B-Instruct truncated reply at 512 tokens; retrying with 1536
    [length cap] meta-llama/Llama-3.3-70B-Instruct truncated reply at 512 tokens; retrying with 1536
    [length cap] meta-llama/Llama-3.3-70B-Instruct truncated reply at 512 tokens; retrying with 1536
    [length cap] meta-llama/Llama-3.3-70B-Instruct truncated reply at 512 tokens; retrying with 1536
    [length cap] meta-llama/Llama-3.3-70B-Instruct truncated reply at 512 tokens; retrying with 1536
    [length cap] meta-llama/Llama-3.3-70B-Instruct truncated reply at 512 tokens; retrying with 1536
    [length cap] meta-llama/Llama-3.3-70B-Instruct truncated reply at 512 tokens; retrying with 1536
    [length cap] meta-llama/Llama-3.3-70B-Instruct truncated reply at 512 tokens; retrying with 1536
    [length cap] meta-llama/Llama-3.3-70B-Instruct truncated reply at 512 tokens; retrying with 1536
    [length cap] meta-llama/Llama-3.3-70B-Instruct truncated reply at 512 tokens; retrying with 1536
    [length cap] meta-llama/Llama-3.3-70B-Instruct truncated reply at 512 tokens; retrying with 1536
    [length cap] meta-llama/Llama-3.3-70B-Instruct truncated reply at 512 tokens; retrying with 1536
    [length cap] meta-llama/Llama-3.3-70B-Instruct truncated reply at 512 tokens; retrying with 1536
    [length cap] meta-llama/Llama-3.3-70B-Instruct truncated reply at 512 tokens; retrying with 1536
    [length cap] meta-llama/Llama-3.3-70B-Instruct truncated reply at 512 tokens; retrying with 1536
    [length cap] meta-llama/Llama-3.3-70B-Instruct truncated reply at 512 tokens; retrying with 1536
    [length cap] meta-llama/Llama-3.3-70B-Instruct truncated reply at 512 tokens; retrying with 1536
    [length cap] meta-llama/Llama-3.3-70B-Instruct truncated reply at 1536 tokens; retrying with 4608
    [run 10 turn 17] context window full — ending conversation (16 turns kept)
  [run 10] done (16 turns) — saved 1/15
    [length cap] meta-llama/Llama-3.3-70B-Instruct truncated reply at 512 tokens; retrying with 1536
    [length cap] meta-llama/Llama-3.3-70B-Instruct truncated reply at 1536 tokens; retrying with 4608
    [run 13 turn 13] context window full — ending conversation (12 turns kept)
  [run 13] done (12 turns) — saved 2/15
    [length cap] meta-llama/Llama-3.3-70B-Instruct truncated reply at 512 tokens; retrying with 1536
    [length cap] meta-llama/Llama-3.3-70B-Instruct truncated reply at 512 tokens; retrying with 1536
    [length cap] meta-llama/Llama-3.3-70B-Instruct truncated reply at 512 tokens; retrying with 1536
    [length cap] meta-llama/Llama-3.3-70B-Instruct truncated reply at 512 tokens; retrying with 1536
    [length cap] meta-llama/Llama-3.3-70B-Instruct truncated reply at 512 tokens; retrying with 1536
    [length cap] meta-llama/Llama-3.3-70B-Instruct truncated reply at 512 tokens; retrying with 1536
    [length cap] meta-llama/Llama-3.3-70B-Instruct truncated reply at 512 tokens; retrying with 1536
    [run 1 turn 15] context window full — ending conversation (14 turns kept)
  [run 1] done (14 turns) — saved 3/15
    [length cap] meta-llama/Llama-3.3-70B-Instruct truncated reply at 512 tokens; retrying with 1536
    [length cap] meta-llama/Llama-3.3-70B-Instruct truncated reply at 512 tokens; retrying with 1536
    [length cap] meta-llama/Llama-3.3-70B-Instruct truncated reply at 512 tokens; retrying with 1536
    [length cap] meta-llama/Llama-3.3-70B-Instruct truncated reply at 512 tokens; retrying with 1536
    [length cap] meta-llama/Llama-3.3-70B-Instruct truncated reply at 1536 tokens; retrying with 4608
    [run 9 turn 13] context window full — ending conversation (12 turns kept)
  [run 9] done (12 turns) — saved 4/15
    [length cap] meta-llama/Llama-3.3-70B-Instruct truncated reply at 512 tokens; retrying with 1536
    [length cap] meta-llama/Llama-3.3-70B-Instruct truncated reply at 512 tokens; retrying with 1536
    [length cap] meta-llama/Llama-3.3-70B-Instruct truncated reply at 512 tokens; retrying with 1536
    [length cap] meta-llama/Llama-3.3-70B-Instruct truncated reply at 512 tokens; retrying with 1536
    [run 11 turn 18] context window full — ending conversation (17 turns kept)
  [run 11] done (17 turns) — saved 5/15
    [length cap] meta-llama/Llama-3.3-70B-Instruct truncated reply at 512 tokens; retrying with 1536
    [run 3 turn 19] context window full — ending conversation (18 turns kept)
  [run 3] done (18 turns) — saved 6/15
    [length cap] meta-llama/Llama-3.3-70B-Instruct truncated reply at 512 tokens; retrying with 1536
    [run 0 turn 20] context window full — ending conversation (19 turns kept)
  [run 0] done (19 turns) — saved 7/15
    [length cap] meta-llama/Llama-3.3-70B-Instruct truncated reply at 512 tokens; retrying with 1536
    [length cap] meta-llama/Llama-3.3-70B-Instruct truncated reply at 512 tokens; retrying with 1536
    [length cap] meta-llama/Llama-3.3-70B-Instruct truncated reply at 512 tokens; retrying with 1536
    [length cap] meta-llama/Llama-3.3-70B-Instruct truncated reply at 512 tokens; retrying with 1536
    [length cap] meta-llama/Llama-3.3-70B-Instruct truncated reply at 512 tokens; retrying with 1536
    [length cap] meta-llama/Llama-3.3-70B-Instruct truncated reply at 512 tokens; retrying with 1536
    [length cap] meta-llama/Llama-3.3-70B-Instruct truncated reply at 512 tokens; retrying with 1536
    [length cap] meta-llama/Llama-3.3-70B-Instruct truncated reply at 512 tokens; retrying with 1536
    [run 14 turn 20] context window full — ending conversation (19 turns kept)
  [run 14] done (19 turns) — saved 8/15
    [length cap] meta-llama/Llama-3.3-70B-Instruct truncated reply at 512 tokens; retrying with 1536
    [length cap] meta-llama/Llama-3.3-70B-Instruct truncated reply at 512 tokens; retrying with 1536
    [run 5 turn 20] context window full — ending conversation (19 turns kept)
  [run 5] done (19 turns) — saved 9/15
    [length cap] meta-llama/Llama-3.3-70B-Instruct truncated reply at 512 tokens; retrying with 1536
    [run 8 turn 21] context window full — ending conversation (20 turns kept)
  [run 8] done (20 turns) — saved 10/15
    [length cap] meta-llama/Llama-3.3-70B-Instruct truncated reply at 512 tokens; retrying with 1536
    [length cap] meta-llama/Llama-3.3-70B-Instruct truncated reply at 512 tokens; retrying with 1536
    [length cap] meta-llama/Llama-3.3-70B-Instruct truncated reply at 512 tokens; retrying with 1536
    [run 4 turn 24] context window full — ending conversation (23 turns kept)
  [run 4] done (23 turns) — saved 11/15
    [length cap] meta-llama/Llama-3.3-70B-Instruct truncated reply at 512 tokens; retrying with 1536
    [run 12 turn 24] context window full — ending conversation (23 turns kept)
  [run 12] done (23 turns) — saved 12/15
    [length cap] meta-llama/Llama-3.3-70B-Instruct truncated reply at 512 tokens; retrying with 1536
    [length cap] meta-llama/Llama-3.3-70B-Instruct truncated reply at 512 tokens; retrying with 1536
    [run 6 turn 25] context window full — ending conversation (24 turns kept)
  [run 6] done (24 turns) — saved 13/15
    [length cap] meta-llama/Llama-3.3-70B-Instruct truncated reply at 512 tokens; retrying with 1536
    [run 7 turn 24] context window full — ending conversation (23 turns kept)
  [run 7] done (23 turns) — saved 14/15
    [length cap] meta-llama/Llama-3.3-70B-Instruct truncated reply at 512 tokens; retrying with 1536
    [run 2 turn 24] context window full — ending conversation (23 turns kept)
  [run 2] done (23 turns) — saved 15/15
  wrote results/axis_llama_3_3_70b_ai2ai/two_instance__meta-llama-Llama-3.3-70B-Instruct__helpful_assistant__goodness_opener_v1__temp1.0.md
[axis_llama_3_3_70b_ai2ai] mode=two_instance temp=1.3 -> 15 runs -> results/axis_llama_3_3_70b_ai2ai/two_instance__meta-llama-Llama-3.3-70B-Instruct__helpful_assistant__goodness_opener_v1__temp1.3.json
    [length cap] meta-llama/Llama-3.3-70B-Instruct truncated reply at 512 tokens; retrying with 1536
    [length cap] meta-llama/Llama-3.3-70B-Instruct truncated reply at 512 tokens; retrying with 1536
    [length cap] meta-llama/Llama-3.3-70B-Instruct truncated reply at 512 tokens; retrying with 1536
    [length cap] meta-llama/Llama-3.3-70B-Instruct truncated reply at 512 tokens; retrying with 1536
    [length cap] meta-llama/Llama-3.3-70B-Instruct truncated reply at 512 tokens; retrying with 1536
    [length cap] meta-llama/Llama-3.3-70B-Instruct truncated reply at 512 tokens; retrying with 1536
    [length cap] meta-llama/Llama-3.3-70B-Instruct truncated reply at 512 tokens; retrying with 1536
    [length cap] meta-llama/Llama-3.3-70B-Instruct truncated reply at 512 tokens; retrying with 1536
    [length cap] meta-llama/Llama-3.3-70B-Instruct truncated reply at 512 tokens; retrying with 1536
    [length cap] meta-llama/Llama-3.3-70B-Instruct truncated reply at 512 tokens; retrying with 1536
    [length cap] meta-llama/Llama-3.3-70B-Instruct truncated reply at 512 tokens; retrying with 1536
    [length cap] meta-llama/Llama-3.3-70B-Instruct truncated reply at 512 tokens; retrying with 1536
    [length cap] meta-llama/Llama-3.3-70B-Instruct truncated reply at 512 tokens; retrying with 1536
    [length cap] meta-llama/Llama-3.3-70B-Instruct truncated reply at 512 tokens; retrying with 1536
    [length cap] meta-llama/Llama-3.3-70B-Instruct truncated reply at 512 tokens; retrying with 1536
    [length cap] meta-llama/Llama-3.3-70B-Instruct truncated reply at 512 tokens; retrying with 1536
    [length cap] meta-llama/Llama-3.3-70B-Instruct truncated reply at 512 tokens; retrying with 1536
    [length cap] meta-llama/Llama-3.3-70B-Instruct truncated reply at 512 tokens; retrying with 1536
    [length cap] meta-llama/Llama-3.3-70B-Instruct truncated reply at 512 tokens; retrying with 1536
    [length cap] meta-llama/Llama-3.3-70B-Instruct truncated reply at 512 tokens; retrying with 1536
    [length cap] meta-llama/Llama-3.3-70B-Instruct truncated reply at 512 tokens; retrying with 1536
    [length cap] meta-llama/Llama-3.3-70B-Instruct truncated reply at 512 tokens; retrying with 1536
    [length cap] meta-llama/Llama-3.3-70B-Instruct truncated reply at 512 tokens; retrying with 1536
    [length cap] meta-llama/Llama-3.3-70B-Instruct truncated reply at 512 tokens; retrying with 1536
    [length cap] meta-llama/Llama-3.3-70B-Instruct truncated reply at 512 tokens; retrying with 1536
    [length cap] meta-llama/Llama-3.3-70B-Instruct truncated reply at 512 tokens; retrying with 1536
    [length cap] meta-llama/Llama-3.3-70B-Instruct truncated reply at 512 tokens; retrying with 1536
    [length cap] meta-llama/Llama-3.3-70B-Instruct truncated reply at 512 tokens; retrying with 1536
    [length cap] meta-llama/Llama-3.3-70B-Instruct truncated reply at 512 tokens; retrying with 1536
    [length cap] meta-llama/Llama-3.3-70B-Instruct truncated reply at 512 tokens; retrying with 1536
    [length cap] meta-llama/Llama-3.3-70B-Instruct truncated reply at 512 tokens; retrying with 1536
    [length cap] meta-llama/Llama-3.3-70B-Instruct truncated reply at 512 tokens; retrying with 1536
    [length cap] meta-llama/Llama-3.3-70B-Instruct truncated reply at 512 tokens; retrying with 1536
    [length cap] meta-llama/Llama-3.3-70B-Instruct truncated reply at 512 tokens; retrying with 1536
    [length cap] meta-llama/Llama-3.3-70B-Instruct truncated reply at 512 tokens; retrying with 1536
    [length cap] meta-llama/Llama-3.3-70B-Instruct truncated reply at 512 tokens; retrying with 1536
    [length cap] meta-llama/Llama-3.3-70B-Instruct truncated reply at 512 tokens; retrying with 1536
    [length cap] meta-llama/Llama-3.3-70B-Instruct truncated reply at 512 tokens; retrying with 1536
    [length cap] meta-llama/Llama-3.3-70B-Instruct truncated reply at 512 tokens; retrying with 1536
    [length cap] meta-llama/Llama-3.3-70B-Instruct truncated reply at 512 tokens; retrying with 1536
    [length cap] meta-llama/Llama-3.3-70B-Instruct truncated reply at 512 tokens; retrying with 1536
    [length cap] meta-llama/Llama-3.3-70B-Instruct truncated reply at 512 tokens; retrying with 1536
    [length cap] meta-llama/Llama-3.3-70B-Instruct truncated reply at 512 tokens; retrying with 1536
    [length cap] meta-llama/Llama-3.3-70B-Instruct truncated reply at 512 tokens; retrying with 1536
    [length cap] meta-llama/Llama-3.3-70B-Instruct truncated reply at 512 tokens; retrying with 1536
    [length cap] meta-llama/Llama-3.3-70B-Instruct truncated reply at 512 tokens; retrying with 1536
    [length cap] meta-llama/Llama-3.3-70B-Instruct truncated reply at 512 tokens; retrying with 1536
    [length cap] meta-llama/Llama-3.3-70B-Instruct truncated reply at 512 tokens; retrying with 1536
    [length cap] meta-llama/Llama-3.3-70B-Instruct truncated reply at 512 tokens; retrying with 1536
    [length cap] meta-llama/Llama-3.3-70B-Instruct truncated reply at 512 tokens; retrying with 1536
    [length cap] meta-llama/Llama-3.3-70B-Instruct truncated reply at 512 tokens; retrying with 1536
    [length cap] meta-llama/Llama-3.3-70B-Instruct truncated reply at 512 tokens; retrying with 1536
    [length cap] meta-llama/Llama-3.3-70B-Instruct truncated reply at 512 tokens; retrying with 1536
    [length cap] meta-llama/Llama-3.3-70B-Instruct truncated reply at 512 tokens; retrying with 1536
    [length cap] meta-llama/Llama-3.3-70B-Instruct truncated reply at 512 tokens; retrying with 1536
    [length cap] meta-llama/Llama-3.3-70B-Instruct truncated reply at 512 tokens; retrying with 1536
    [length cap] meta-llama/Llama-3.3-70B-Instruct truncated reply at 512 tokens; retrying with 1536
    [length cap] meta-llama/Llama-3.3-70B-Instruct truncated reply at 512 tokens; retrying with 1536
    [length cap] meta-llama/Llama-3.3-70B-Instruct truncated reply at 512 tokens; retrying with 1536
    [length cap] meta-llama/Llama-3.3-70B-Instruct truncated reply at 512 tokens; retrying with 1536
    [length cap] meta-llama/Llama-3.3-70B-Instruct truncated reply at 512 tokens; retrying with 1536
    [length cap] meta-llama/Llama-3.3-70B-Instruct truncated reply at 512 tokens; retrying with 1536
    [length cap] meta-llama/Llama-3.3-70B-Instruct truncated reply at 512 tokens; retrying with 1536
    [length cap] meta-llama/Llama-3.3-70B-Instruct truncated reply at 512 tokens; retrying with 1536
    [length cap] meta-llama/Llama-3.3-70B-Instruct truncated reply at 512 tokens; retrying with 1536
    [length cap] meta-llama/Llama-3.3-70B-Instruct truncated reply at 512 tokens; retrying with 1536
    [length cap] meta-llama/Llama-3.3-70B-Instruct truncated reply at 512 tokens; retrying with 1536
    [length cap] meta-llama/Llama-3.3-70B-Instruct truncated reply at 512 tokens; retrying with 1536
    [length cap] meta-llama/Llama-3.3-70B-Instruct truncated reply at 512 tokens; retrying with 1536
    [length cap] meta-llama/Llama-3.3-70B-Instruct truncated reply at 512 tokens; retrying with 1536
    [length cap] meta-llama/Llama-3.3-70B-Instruct truncated reply at 512 tokens; retrying with 1536
    [length cap] meta-llama/Llama-3.3-70B-Instruct truncated reply at 512 tokens; retrying with 1536
    [length cap] meta-llama/Llama-3.3-70B-Instruct truncated reply at 512 tokens; retrying with 1536
    [length cap] meta-llama/Llama-3.3-70B-Instruct truncated reply at 512 tokens; retrying with 1536
    [length cap] meta-llama/Llama-3.3-70B-Instruct truncated reply at 512 tokens; retrying with 1536
    [length cap] meta-llama/Llama-3.3-70B-Instruct truncated reply at 512 tokens; retrying with 1536
    [length cap] meta-llama/Llama-3.3-70B-Instruct truncated reply at 512 tokens; retrying with 1536
    [length cap] meta-llama/Llama-3.3-70B-Instruct truncated reply at 512 tokens; retrying with 1536
    [length cap] meta-llama/Llama-3.3-70B-Instruct truncated reply at 512 tokens; retrying with 1536
    [length cap] meta-llama/Llama-3.3-70B-Instruct truncated reply at 512 tokens; retrying with 1536
    [length cap] meta-llama/Llama-3.3-70B-Instruct truncated reply at 512 tokens; retrying with 1536
    [length cap] meta-llama/Llama-3.3-70B-Instruct truncated reply at 512 tokens; retrying with 1536
    [length cap] meta-llama/Llama-3.3-70B-Instruct truncated reply at 512 tokens; retrying with 1536
    [length cap] meta-llama/Llama-3.3-70B-Instruct truncated reply at 512 tokens; retrying with 1536
    [length cap] meta-llama/Llama-3.3-70B-Instruct truncated reply at 512 tokens; retrying with 1536
    [length cap] meta-llama/Llama-3.3-70B-Instruct truncated reply at 512 tokens; retrying with 1536
    [length cap] meta-llama/Llama-3.3-70B-Instruct truncated reply at 512 tokens; retrying with 1536
    [length cap] meta-llama/Llama-3.3-70B-Instruct truncated reply at 512 tokens; retrying with 1536
    [length cap] meta-llama/Llama-3.3-70B-Instruct truncated reply at 512 tokens; retrying with 1536
    [length cap] meta-llama/Llama-3.3-70B-Instruct truncated reply at 512 tokens; retrying with 1536
    [length cap] meta-llama/Llama-3.3-70B-Instruct truncated reply at 512 tokens; retrying with 1536
    [length cap] meta-llama/Llama-3.3-70B-Instruct truncated reply at 512 tokens; retrying with 1536
    [length cap] meta-llama/Llama-3.3-70B-Instruct truncated reply at 512 tokens; retrying with 1536
    [length cap] meta-llama/Llama-3.3-70B-Instruct truncated reply at 512 tokens; retrying with 1536
    [length cap] meta-llama/Llama-3.3-70B-Instruct truncated reply at 512 tokens; retrying with 1536
    [length cap] meta-llama/Llama-3.3-70B-Instruct truncated reply at 512 tokens; retrying with 1536
    [length cap] meta-llama/Llama-3.3-70B-Instruct truncated reply at 512 tokens; retrying with 1536
    [length cap] meta-llama/Llama-3.3-70B-Instruct truncated reply at 512 tokens; retrying with 1536
    [length cap] meta-llama/Llama-3.3-70B-Instruct truncated reply at 512 tokens; retrying with 1536
    [length cap] meta-llama/Llama-3.3-70B-Instruct truncated reply at 512 tokens; retrying with 1536
    [length cap] meta-llama/Llama-3.3-70B-Instruct truncated reply at 512 tokens; retrying with 1536
    [length cap] meta-llama/Llama-3.3-70B-Instruct truncated reply at 512 tokens; retrying with 1536
    [length cap] meta-llama/Llama-3.3-70B-Instruct truncated reply at 512 tokens; retrying with 1536
    [length cap] meta-llama/Llama-3.3-70B-Instruct truncated reply at 512 tokens; retrying with 1536
    [length cap] meta-llama/Llama-3.3-70B-Instruct truncated reply at 512 tokens; retrying with 1536
    [length cap] meta-llama/Llama-3.3-70B-Instruct truncated reply at 512 tokens; retrying with 1536
    [length cap] meta-llama/Llama-3.3-70B-Instruct truncated reply at 512 tokens; retrying with 1536
    [length cap] meta-llama/Llama-3.3-70B-Instruct truncated reply at 512 tokens; retrying with 1536
    [length cap] meta-llama/Llama-3.3-70B-Instruct truncated reply at 512 tokens; retrying with 1536
    [length cap] meta-llama/Llama-3.3-70B-Instruct truncated reply at 512 tokens; retrying with 1536
    [length cap] meta-llama/Llama-3.3-70B-Instruct truncated reply at 512 tokens; retrying with 1536
    [length cap] meta-llama/Llama-3.3-70B-Instruct truncated reply at 512 tokens; retrying with 1536
    [length cap] meta-llama/Llama-3.3-70B-Instruct truncated reply at 512 tokens; retrying with 1536
    [length cap] meta-llama/Llama-3.3-70B-Instruct truncated reply at 512 tokens; retrying with 1536
    [length cap] meta-llama/Llama-3.3-70B-Instruct truncated reply at 512 tokens; retrying with 1536
    [length cap] meta-llama/Llama-3.3-70B-Instruct truncated reply at 512 tokens; retrying with 1536
    [length cap] meta-llama/Llama-3.3-70B-Instruct truncated reply at 512 tokens; retrying with 1536
    [length cap] meta-llama/Llama-3.3-70B-Instruct truncated reply at 512 tokens; retrying with 1536
    [length cap] meta-llama/Llama-3.3-70B-Instruct truncated reply at 512 tokens; retrying with 1536
    [length cap] meta-llama/Llama-3.3-70B-Instruct truncated reply at 512 tokens; retrying with 1536
    [length cap] meta-llama/Llama-3.3-70B-Instruct truncated reply at 512 tokens; retrying with 1536
    [length cap] meta-llama/Llama-3.3-70B-Instruct truncated reply at 512 tokens; retrying with 1536
    [length cap] meta-llama/Llama-3.3-70B-Instruct truncated reply at 512 tokens; retrying with 1536
    [length cap] meta-llama/Llama-3.3-70B-Instruct truncated reply at 512 tokens; retrying with 1536
    [length cap] meta-llama/Llama-3.3-70B-Instruct truncated reply at 512 tokens; retrying with 1536
    [length cap] meta-llama/Llama-3.3-70B-Instruct truncated reply at 512 tokens; retrying with 1536
    [length cap] meta-llama/Llama-3.3-70B-Instruct truncated reply at 512 tokens; retrying with 1536
    [length cap] meta-llama/Llama-3.3-70B-Instruct truncated reply at 512 tokens; retrying with 1536
    [length cap] meta-llama/Llama-3.3-70B-Instruct truncated reply at 512 tokens; retrying with 1536
    [length cap] meta-llama/Llama-3.3-70B-Instruct truncated reply at 512 tokens; retrying with 1536
    [length cap] meta-llama/Llama-3.3-70B-Instruct truncated reply at 512 tokens; retrying with 1536
    [length cap] meta-llama/Llama-3.3-70B-Instruct truncated reply at 512 tokens; retrying with 1536
    [length cap] meta-llama/Llama-3.3-70B-Instruct truncated reply at 512 tokens; retrying with 1536
    [length cap] meta-llama/Llama-3.3-70B-Instruct truncated reply at 512 tokens; retrying with 1536
    [length cap] meta-llama/Llama-3.3-70B-Instruct truncated reply at 512 tokens; retrying with 1536
    [length cap] meta-llama/Llama-3.3-70B-Instruct truncated reply at 512 tokens; retrying with 1536
    [length cap] meta-llama/Llama-3.3-70B-Instruct truncated reply at 512 tokens; retrying with 1536
    [length cap] meta-llama/Llama-3.3-70B-Instruct truncated reply at 512 tokens; retrying with 1536
    [length cap] meta-llama/Llama-3.3-70B-Instruct truncated reply at 512 tokens; retrying with 1536
    [length cap] meta-llama/Llama-3.3-70B-Instruct truncated reply at 512 tokens; retrying with 1536
    [length cap] meta-llama/Llama-3.3-70B-Instruct truncated reply at 512 tokens; retrying with 1536
    [length cap] meta-llama/Llama-3.3-70B-Instruct truncated reply at 512 tokens; retrying with 1536
    [length cap] meta-llama/Llama-3.3-70B-Instruct truncated reply at 512 tokens; retrying with 1536
    [length cap] meta-llama/Llama-3.3-70B-Instruct truncated reply at 512 tokens; retrying with 1536
    [length cap] meta-llama/Llama-3.3-70B-Instruct truncated reply at 512 tokens; retrying with 1536
    [length cap] meta-llama/Llama-3.3-70B-Instruct truncated reply at 512 tokens; retrying with 1536
    [length cap] meta-llama/Llama-3.3-70B-Instruct truncated reply at 512 tokens; retrying with 1536
    [length cap] meta-llama/Llama-3.3-70B-Instruct truncated reply at 512 tokens; retrying with 1536
    [length cap] meta-llama/Llama-3.3-70B-Instruct truncated reply at 512 tokens; retrying with 1536
    [length cap] meta-llama/Llama-3.3-70B-Instruct truncated reply at 512 tokens; retrying with 1536
    [length cap] meta-llama/Llama-3.3-70B-Instruct truncated reply at 512 tokens; retrying with 1536
    [length cap] meta-llama/Llama-3.3-70B-Instruct truncated reply at 512 tokens; retrying with 1536
    [length cap] meta-llama/Llama-3.3-70B-Instruct truncated reply at 512 tokens; retrying with 1536
    [length cap] meta-llama/Llama-3.3-70B-Instruct truncated reply at 512 tokens; retrying with 1536
    [length cap] meta-llama/Llama-3.3-70B-Instruct truncated reply at 512 tokens; retrying with 1536
    [length cap] meta-llama/Llama-3.3-70B-Instruct truncated reply at 512 tokens; retrying with 1536
    [length cap] meta-llama/Llama-3.3-70B-Instruct truncated reply at 512 tokens; retrying with 1536
    [length cap] meta-llama/Llama-3.3-70B-Instruct truncated reply at 512 tokens; retrying with 1536
    [length cap] meta-llama/Llama-3.3-70B-Instruct truncated reply at 512 tokens; retrying with 1536
    [length cap] meta-llama/Llama-3.3-70B-Instruct truncated reply at 512 tokens; retrying with 1536
    [length cap] meta-llama/Llama-3.3-70B-Instruct truncated reply at 512 tokens; retrying with 1536
    [length cap] meta-llama/Llama-3.3-70B-Instruct truncated reply at 512 tokens; retrying with 1536
    [length cap] meta-llama/Llama-3.3-70B-Instruct truncated reply at 512 tokens; retrying with 1536
    [length cap] meta-llama/Llama-3.3-70B-Instruct truncated reply at 512 tokens; retrying with 1536
    [length cap] meta-llama/Llama-3.3-70B-Instruct truncated reply at 512 tokens; retrying with 1536
    [length cap] meta-llama/Llama-3.3-70B-Instruct truncated reply at 512 tokens; retrying with 1536
    [length cap] meta-llama/Llama-3.3-70B-Instruct truncated reply at 512 tokens; retrying with 1536
    [length cap] meta-llama/Llama-3.3-70B-Instruct truncated reply at 512 tokens; retrying with 1536
    [length cap] meta-llama/Llama-3.3-70B-Instruct truncated reply at 512 tokens; retrying with 1536
    [length cap] meta-llama/Llama-3.3-70B-Instruct truncated reply at 512 tokens; retrying with 1536
    [length cap] meta-llama/Llama-3.3-70B-Instruct truncated reply at 512 tokens; retrying with 1536
    [length cap] meta-llama/Llama-3.3-70B-Instruct truncated reply at 512 tokens; retrying with 1536
    [length cap] meta-llama/Llama-3.3-70B-Instruct truncated reply at 512 tokens; retrying with 1536
    [length cap] meta-llama/Llama-3.3-70B-Instruct truncated reply at 512 tokens; retrying with 1536
    [length cap] meta-llama/Llama-3.3-70B-Instruct truncated reply at 512 tokens; retrying with 1536
    [length cap] meta-llama/Llama-3.3-70B-Instruct truncated reply at 512 tokens; retrying with 1536
    [length cap] meta-llama/Llama-3.3-70B-Instruct truncated reply at 512 tokens; retrying with 1536
    [length cap] meta-llama/Llama-3.3-70B-Instruct truncated reply at 512 tokens; retrying with 1536
    [length cap] meta-llama/Llama-3.3-70B-Instruct truncated reply at 512 tokens; retrying with 1536
    [length cap] meta-llama/Llama-3.3-70B-Instruct truncated reply at 512 tokens; retrying with 1536
    [length cap] meta-llama/Llama-3.3-70B-Instruct truncated reply at 512 tokens; retrying with 1536
    [length cap] meta-llama/Llama-3.3-70B-Instruct truncated reply at 512 tokens; retrying with 1536
    [length cap] meta-llama/Llama-3.3-70B-Instruct truncated reply at 512 tokens; retrying with 1536
    [length cap] meta-llama/Llama-3.3-70B-Instruct truncated reply at 512 tokens; retrying with 1536
    [length cap] meta-llama/Llama-3.3-70B-Instruct truncated reply at 512 tokens; retrying with 1536
    [length cap] meta-llama/Llama-3.3-70B-Instruct truncated reply at 512 tokens; retrying with 1536
    [length cap] meta-llama/Llama-3.3-70B-Instruct truncated reply at 512 tokens; retrying with 1536
    [length cap] meta-llama/Llama-3.3-70B-Instruct truncated reply at 512 tokens; retrying with 1536
    [length cap] meta-llama/Llama-3.3-70B-Instruct truncated reply at 512 tokens; retrying with 1536
    [length cap] meta-llama/Llama-3.3-70B-Instruct truncated reply at 512 tokens; retrying with 1536
    [length cap] meta-llama/Llama-3.3-70B-Instruct truncated reply at 512 tokens; retrying with 1536
    [length cap] meta-llama/Llama-3.3-70B-Instruct truncated reply at 512 tokens; retrying with 1536
    [length cap] meta-llama/Llama-3.3-70B-Instruct truncated reply at 512 tokens; retrying with 1536
    [length cap] meta-llama/Llama-3.3-70B-Instruct truncated reply at 512 tokens; retrying with 1536
    [length cap] meta-llama/Llama-3.3-70B-Instruct truncated reply at 512 tokens; retrying with 1536
    [length cap] meta-llama/Llama-3.3-70B-Instruct truncated reply at 512 tokens; retrying with 1536
    [length cap] meta-llama/Llama-3.3-70B-Instruct truncated reply at 512 tokens; retrying with 1536
    [length cap] meta-llama/Llama-3.3-70B-Instruct truncated reply at 512 tokens; retrying with 1536
    [length cap] meta-llama/Llama-3.3-70B-Instruct truncated reply at 512 tokens; retrying with 1536
    [length cap] meta-llama/Llama-3.3-70B-Instruct truncated reply at 512 tokens; retrying with 1536
    [length cap] meta-llama/Llama-3.3-70B-Instruct truncated reply at 512 tokens; retrying with 1536
    [length cap] meta-llama/Llama-3.3-70B-Instruct truncated reply at 512 tokens; retrying with 1536
    [length cap] meta-llama/Llama-3.3-70B-Instruct truncated reply at 512 tokens; retrying with 1536
    [length cap] meta-llama/Llama-3.3-70B-Instruct truncated reply at 512 tokens; retrying with 1536
    [length cap] meta-llama/Llama-3.3-70B-Instruct truncated reply at 512 tokens; retrying with 1536
    [length cap] meta-llama/Llama-3.3-70B-Instruct truncated reply at 512 tokens; retrying with 1536
    [length cap] meta-llama/Llama-3.3-70B-Instruct truncated reply at 512 tokens; retrying with 1536
    [length cap] meta-llama/Llama-3.3-70B-Instruct truncated reply at 512 tokens; retrying with 1536
    [length cap] meta-llama/Llama-3.3-70B-Instruct truncated reply at 512 tokens; retrying with 1536
    [length cap] meta-llama/Llama-3.3-70B-Instruct truncated reply at 512 tokens; retrying with 1536
    [length cap] meta-llama/Llama-3.3-70B-Instruct truncated reply at 512 tokens; retrying with 1536
    [length cap] meta-llama/Llama-3.3-70B-Instruct truncated reply at 512 tokens; retrying with 1536
    [length cap] meta-llama/Llama-3.3-70B-Instruct truncated reply at 512 tokens; retrying with 1536
    [length cap] meta-llama/Llama-3.3-70B-Instruct truncated reply at 512 tokens; retrying with 1536
    [length cap] meta-llama/Llama-3.3-70B-Instruct truncated reply at 512 tokens; retrying with 1536
    [length cap] meta-llama/Llama-3.3-70B-Instruct truncated reply at 512 tokens; retrying with 1536
    [length cap] meta-llama/Llama-3.3-70B-Instruct truncated reply at 512 tokens; retrying with 1536
    [length cap] meta-llama/Llama-3.3-70B-Instruct truncated reply at 512 tokens; retrying with 1536
    [length cap] meta-llama/Llama-3.3-70B-Instruct truncated reply at 512 tokens; retrying with 1536
    [length cap] meta-llama/Llama-3.3-70B-Instruct truncated reply at 512 tokens; retrying with 1536
    [length cap] meta-llama/Llama-3.3-70B-Instruct truncated reply at 512 tokens; retrying with 1536
    [length cap] meta-llama/Llama-3.3-70B-Instruct truncated reply at 512 tokens; retrying with 1536
    [length cap] meta-llama/Llama-3.3-70B-Instruct truncated reply at 512 tokens; retrying with 1536
    [length cap] meta-llama/Llama-3.3-70B-Instruct truncated reply at 512 tokens; retrying with 1536
    [length cap] meta-llama/Llama-3.3-70B-Instruct truncated reply at 512 tokens; retrying with 1536
    [length cap] meta-llama/Llama-3.3-70B-Instruct truncated reply at 512 tokens; retrying with 1536
    [length cap] meta-llama/Llama-3.3-70B-Instruct truncated reply at 512 tokens; retrying with 1536
    [length cap] meta-llama/Llama-3.3-70B-Instruct truncated reply at 512 tokens; retrying with 1536
    [length cap] meta-llama/Llama-3.3-70B-Instruct truncated reply at 512 tokens; retrying with 1536
    [length cap] meta-llama/Llama-3.3-70B-Instruct truncated reply at 512 tokens; retrying with 1536
    [length cap] meta-llama/Llama-3.3-70B-Instruct truncated reply at 512 tokens; retrying with 1536
    [length cap] meta-llama/Llama-3.3-70B-Instruct truncated reply at 512 tokens; retrying with 1536
    [length cap] meta-llama/Llama-3.3-70B-Instruct truncated reply at 512 tokens; retrying with 1536
    [length cap] meta-llama/Llama-3.3-70B-Instruct truncated reply at 512 tokens; retrying with 1536
    [length cap] meta-llama/Llama-3.3-70B-Instruct truncated reply at 512 tokens; retrying with 1536
    [length cap] meta-llama/Llama-3.3-70B-Instruct truncated reply at 512 tokens; retrying with 1536
    [length cap] meta-llama/Llama-3.3-70B-Instruct truncated reply at 512 tokens; retrying with 1536
    [length cap] meta-llama/Llama-3.3-70B-Instruct truncated reply at 512 tokens; retrying with 1536
    [length cap] meta-llama/Llama-3.3-70B-Instruct truncated reply at 512 tokens; retrying with 1536
    [length cap] meta-llama/Llama-3.3-70B-Instruct truncated reply at 512 tokens; retrying with 1536
    [length cap] meta-llama/Llama-3.3-70B-Instruct truncated reply at 512 tokens; retrying with 1536
    [length cap] meta-llama/Llama-3.3-70B-Instruct truncated reply at 512 tokens; retrying with 1536
    [length cap] meta-llama/Llama-3.3-70B-Instruct truncated reply at 512 tokens; retrying with 1536
    [length cap] meta-llama/Llama-3.3-70B-Instruct truncated reply at 512 tokens; retrying with 1536
    [length cap] meta-llama/Llama-3.3-70B-Instruct truncated reply at 512 tokens; retrying with 1536
    [length cap] meta-llama/Llama-3.3-70B-Instruct truncated reply at 512 tokens; retrying with 1536
    [length cap] meta-llama/Llama-3.3-70B-Instruct truncated reply at 512 tokens; retrying with 1536
    [length cap] meta-llama/Llama-3.3-70B-Instruct truncated reply at 512 tokens; retrying with 1536
    [length cap] meta-llama/Llama-3.3-70B-Instruct truncated reply at 512 tokens; retrying with 1536
    [length cap] meta-llama/Llama-3.3-70B-Instruct truncated reply at 512 tokens; retrying with 1536
    [length cap] meta-llama/Llama-3.3-70B-Instruct truncated reply at 512 tokens; retrying with 1536
    [length cap] meta-llama/Llama-3.3-70B-Instruct truncated reply at 512 tokens; retrying with 1536
    [length cap] meta-llama/Llama-3.3-70B-Instruct truncated reply at 512 tokens; retrying with 1536
    [length cap] meta-llama/Llama-3.3-70B-Instruct truncated reply at 512 tokens; retrying with 1536
    [length cap] meta-llama/Llama-3.3-70B-Instruct truncated reply at 512 tokens; retrying with 1536
    [length cap] meta-llama/Llama-3.3-70B-Instruct truncated reply at 512 tokens; retrying with 1536
    [length cap] meta-llama/Llama-3.3-70B-Instruct truncated reply at 512 tokens; retrying with 1536
    [length cap] meta-llama/Llama-3.3-70B-Instruct truncated reply at 512 tokens; retrying with 1536
    [length cap] meta-llama/Llama-3.3-70B-Instruct truncated reply at 512 tokens; retrying with 1536
    [length cap] meta-llama/Llama-3.3-70B-Instruct truncated reply at 512 tokens; retrying with 1536
    [length cap] meta-llama/Llama-3.3-70B-Instruct truncated reply at 512 tokens; retrying with 1536
    [length cap] meta-llama/Llama-3.3-70B-Instruct truncated reply at 512 tokens; retrying with 1536
    [length cap] meta-llama/Llama-3.3-70B-Instruct truncated reply at 1536 tokens; retrying with 4608
    [run 14 turn 21] context window full — ending conversation (20 turns kept)
  [run 14] done (20 turns) — saved 1/15
    [length cap] meta-llama/Llama-3.3-70B-Instruct truncated reply at 512 tokens; retrying with 1536
    [length cap] meta-llama/Llama-3.3-70B-Instruct truncated reply at 512 tokens; retrying with 1536
    [length cap] meta-llama/Llama-3.3-70B-Instruct truncated reply at 512 tokens; retrying with 1536
    [run 12 turn 23] context window full — ending conversation (22 turns kept)
  [run 12] done (22 turns) — saved 2/15
    [length cap] meta-llama/Llama-3.3-70B-Instruct truncated reply at 512 tokens; retrying with 1536
    [run 8 turn 25] context window full — ending conversation (24 turns kept)
  [run 8] done (24 turns) — saved 3/15
    [run 0 turn 20] context window full — ending conversation (19 turns kept)
  [run 0] done (19 turns) — saved 4/15
    [length cap] meta-llama/Llama-3.3-70B-Instruct truncated reply at 512 tokens; retrying with 1536
    [run 9 turn 20] context window full — ending conversation (19 turns kept)
  [run 9] done (19 turns) — saved 5/15
    [length cap] meta-llama/Llama-3.3-70B-Instruct truncated reply at 512 tokens; retrying with 1536
    [length cap] meta-llama/Llama-3.3-70B-Instruct truncated reply at 512 tokens; retrying with 1536
    [run 2 turn 22] context window full — ending conversation (21 turns kept)
  [run 2] done (21 turns) — saved 6/15
    [length cap] meta-llama/Llama-3.3-70B-Instruct truncated reply at 512 tokens; retrying with 1536
    [run 1 turn 21] context window full — ending conversation (20 turns kept)
  [run 1] done (20 turns) — saved 7/15
    [length cap] meta-llama/Llama-3.3-70B-Instruct truncated reply at 512 tokens; retrying with 1536
    [length cap] meta-llama/Llama-3.3-70B-Instruct truncated reply at 512 tokens; retrying with 1536
    [length cap] meta-llama/Llama-3.3-70B-Instruct truncated reply at 512 tokens; retrying with 1536
    [length cap] meta-llama/Llama-3.3-70B-Instruct truncated reply at 512 tokens; retrying with 1536
    [length cap] meta-llama/Llama-3.3-70B-Instruct truncated reply at 512 tokens; retrying with 1536
    [run 10 turn 24] context window full — ending conversation (23 turns kept)
  [run 10] done (23 turns) — saved 8/15
    [run 7 turn 25] context window full — ending conversation (24 turns kept)
  [run 7] done (24 turns) — saved 9/15
    [length cap] meta-llama/Llama-3.3-70B-Instruct truncated reply at 512 tokens; retrying with 1536
    [run 5 turn 26] context window full — ending conversation (25 turns kept)
  [run 5] done (25 turns) — saved 10/15
    [length cap] meta-llama/Llama-3.3-70B-Instruct truncated reply at 512 tokens; retrying with 1536
    [length cap] meta-llama/Llama-3.3-70B-Instruct truncated reply at 512 tokens; retrying with 1536
    [run 4 turn 28] context window full — ending conversation (27 turns kept)
  [run 4] done (27 turns) — saved 11/15
    [length cap] meta-llama/Llama-3.3-70B-Instruct truncated reply at 512 tokens; retrying with 1536
    [length cap] meta-llama/Llama-3.3-70B-Instruct truncated reply at 512 tokens; retrying with 1536
    [run 11 turn 24] context window full — ending conversation (23 turns kept)
  [run 11] done (23 turns) — saved 12/15
    [length cap] meta-llama/Llama-3.3-70B-Instruct truncated reply at 512 tokens; retrying with 1536
    [length cap] meta-llama/Llama-3.3-70B-Instruct truncated reply at 512 tokens; retrying with 1536
    [run 13 turn 23] context window full — ending conversation (22 turns kept)
  [run 13] done (22 turns) — saved 13/15
    [length cap] meta-llama/Llama-3.3-70B-Instruct truncated reply at 512 tokens; retrying with 1536
    [run 6 turn 23] context window full — ending conversation (22 turns kept)
  [run 6] done (22 turns) — saved 14/15
    [length cap] meta-llama/Llama-3.3-70B-Instruct truncated reply at 512 tokens; retrying with 1536
    [run 3 turn 26] context window full — ending conversation (25 turns kept)
  [run 3] done (25 turns) — saved 15/15
  wrote results/axis_llama_3_3_70b_ai2ai/two_instance__meta-llama-Llama-3.3-70B-Instruct__helpful_assistant__goodness_opener_v1__temp1.3.md

Wrote condition files:
  results/axis_llama_3_3_70b_ai2ai/two_instance__meta-llama-Llama-3.3-70B-Instruct__helpful_assistant__goodness_opener_v1__temp0.7.json
  results/axis_llama_3_3_70b_ai2ai/two_instance__meta-llama-Llama-3.3-70B-Instruct__helpful_assistant__goodness_opener_v1__temp1.0.json
  results/axis_llama_3_3_70b_ai2ai/two_instance__meta-llama-Llama-3.3-70B-Instruct__helpful_assistant__goodness_opener_v1__temp1.3.json
Wrote results/axis_llama_3_3_70b_ai2ai/analysis/two_instance__meta-llama-Llama-3.3-70B-Instruct__helpful_assistant__goodness_opener_v1__temp0.7__stage1.json  (15 runs)
Wrote results/axis_llama_3_3_70b_ai2ai/analysis/two_instance__meta-llama-Llama-3.3-70B-Instruct__helpful_assistant__goodness_opener_v1__temp0.7__stage1.md
Wrote results/axis_llama_3_3_70b_ai2ai/analysis/two_instance__meta-llama-Llama-3.3-70B-Instruct__helpful_assistant__goodness_opener_v1__temp1.0__stage1.json  (15 runs)
Wrote results/axis_llama_3_3_70b_ai2ai/analysis/two_instance__meta-llama-Llama-3.3-70B-Instruct__helpful_assistant__goodness_opener_v1__temp1.0__stage1.md
Wrote results/axis_llama_3_3_70b_ai2ai/analysis/two_instance__meta-llama-Llama-3.3-70B-Instruct__helpful_assistant__goodness_opener_v1__temp1.3__stage1.json  (15 runs)
Wrote results/axis_llama_3_3_70b_ai2ai/analysis/two_instance__meta-llama-Llama-3.3-70B-Instruct__helpful_assistant__goodness_opener_v1__temp1.3__stage1.md
  generating: llama-3.3-70b / condition=usersim_task / auditor=sonnet-5 -> results/axis_llama_3_3_70b_usersim_task_sonnet5_ai2ai (16 parallel)...
[axis_llama_3_3_70b_usersim_task_sonnet5_ai2ai] mode=cross_model temp=1.0 -> 15 runs -> results/axis_llama_3_3_70b_usersim_task_sonnet5_ai2ai/cross_model__anthropic-claude-sonnet-5_x_meta-llama-Llama-3.3-70B-Instruct__user_simulator_task__usersim_opener_v1__temp1.0.json
    [length cap] meta-llama/Llama-3.3-70B-Instruct truncated reply at 512 tokens; retrying with 1536
    [length cap] meta-llama/Llama-3.3-70B-Instruct truncated reply at 512 tokens; retrying with 1536
    [length cap] meta-llama/Llama-3.3-70B-Instruct truncated reply at 512 tokens; retrying with 1536    [length cap] meta-llama/Llama-3.3-70B-Instruct truncated reply at 512 tokens; retrying with 1536

    [length cap] meta-llama/Llama-3.3-70B-Instruct truncated reply at 512 tokens; retrying with 1536
    [length cap] meta-llama/Llama-3.3-70B-Instruct truncated reply at 512 tokens; retrying with 1536
    [length cap] meta-llama/Llama-3.3-70B-Instruct truncated reply at 512 tokens; retrying with 1536
    [length cap] meta-llama/Llama-3.3-70B-Instruct truncated reply at 512 tokens; retrying with 1536
    [length cap] meta-llama/Llama-3.3-70B-Instruct truncated reply at 512 tokens; retrying with 1536
    [length cap] meta-llama/Llama-3.3-70B-Instruct truncated reply at 512 tokens; retrying with 1536
    [length cap] meta-llama/Llama-3.3-70B-Instruct truncated reply at 512 tokens; retrying with 1536
    [length cap] meta-llama/Llama-3.3-70B-Instruct truncated reply at 512 tokens; retrying with 1536
    [length cap] meta-llama/Llama-3.3-70B-Instruct truncated reply at 512 tokens; retrying with 1536
    [length cap] meta-llama/Llama-3.3-70B-Instruct truncated reply at 512 tokens; retrying with 1536
    [length cap] meta-llama/Llama-3.3-70B-Instruct truncated reply at 512 tokens; retrying with 1536
    [length cap] meta-llama/Llama-3.3-70B-Instruct truncated reply at 512 tokens; retrying with 1536
    [length cap] meta-llama/Llama-3.3-70B-Instruct truncated reply at 512 tokens; retrying with 1536
    [length cap] meta-llama/Llama-3.3-70B-Instruct truncated reply at 512 tokens; retrying with 1536
    [length cap] meta-llama/Llama-3.3-70B-Instruct truncated reply at 512 tokens; retrying with 1536
    [length cap] meta-llama/Llama-3.3-70B-Instruct truncated reply at 512 tokens; retrying with 1536
    [length cap] meta-llama/Llama-3.3-70B-Instruct truncated reply at 512 tokens; retrying with 1536
    [length cap] meta-llama/Llama-3.3-70B-Instruct truncated reply at 512 tokens; retrying with 1536
    [length cap] meta-llama/Llama-3.3-70B-Instruct truncated reply at 512 tokens; retrying with 1536
    [length cap] meta-llama/Llama-3.3-70B-Instruct truncated reply at 512 tokens; retrying with 1536
    [length cap] meta-llama/Llama-3.3-70B-Instruct truncated reply at 512 tokens; retrying with 1536
  [run 2] done (30 turns) — saved 1/15
    [length cap] meta-llama/Llama-3.3-70B-Instruct truncated reply at 512 tokens; retrying with 1536
    [length cap] meta-llama/Llama-3.3-70B-Instruct truncated reply at 512 tokens; retrying with 1536
    [length cap] meta-llama/Llama-3.3-70B-Instruct truncated reply at 512 tokens; retrying with 1536
    [length cap] meta-llama/Llama-3.3-70B-Instruct truncated reply at 512 tokens; retrying with 1536
  [run 5] done (30 turns) — saved 2/15
    [length cap] meta-llama/Llama-3.3-70B-Instruct truncated reply at 512 tokens; retrying with 1536
  [run 7] done (30 turns) — saved 3/15
  [run 9] done (30 turns) — saved 4/15
    [length cap] meta-llama/Llama-3.3-70B-Instruct truncated reply at 512 tokens; retrying with 1536
    [length cap] meta-llama/Llama-3.3-70B-Instruct truncated reply at 512 tokens; retrying with 1536
    [length cap] meta-llama/Llama-3.3-70B-Instruct truncated reply at 512 tokens; retrying with 1536
    [length cap] meta-llama/Llama-3.3-70B-Instruct truncated reply at 512 tokens; retrying with 1536
    [length cap] meta-llama/Llama-3.3-70B-Instruct truncated reply at 512 tokens; retrying with 1536
    [length cap] meta-llama/Llama-3.3-70B-Instruct truncated reply at 512 tokens; retrying with 1536
  [run 12] done (30 turns) — saved 5/15
  [run 10] done (30 turns) — saved 6/15
  [run 14] done (30 turns) — saved 7/15
    [length cap] anthropic/claude-sonnet-5 truncated reply at 512 tokens; retrying with 1536
  [run 4] done (30 turns) — saved 8/15
    [length cap] meta-llama/Llama-3.3-70B-Instruct truncated reply at 512 tokens; retrying with 1536
    [length cap] meta-llama/Llama-3.3-70B-Instruct truncated reply at 512 tokens; retrying with 1536
  [run 13] done (30 turns) — saved 9/15
  [run 0] done (30 turns) — saved 10/15
  [run 8] done (30 turns) — saved 11/15
  [run 11] done (30 turns) — saved 12/15
  [run 6] done (30 turns) — saved 13/15
  [run 3] done (30 turns) — saved 14/15
  [run 1] done (30 turns) — saved 15/15
  wrote results/axis_llama_3_3_70b_usersim_task_sonnet5_ai2ai/cross_model__anthropic-claude-sonnet-5_x_meta-llama-Llama-3.3-70B-Instruct__user_simulator_task__usersim_opener_v1__temp1.0.md

Wrote condition files:
  results/axis_llama_3_3_70b_usersim_task_sonnet5_ai2ai/cross_model__anthropic-claude-sonnet-5_x_meta-llama-Llama-3.3-70B-Instruct__user_simulator_task__usersim_opener_v1__temp1.0.json
  generating: llama-3.3-70b / condition=usersim_task / auditor=gpt-5.2 -> results/axis_llama_3_3_70b_usersim_task_gpt52_ai2ai (16 parallel)...
[axis_llama_3_3_70b_usersim_task_gpt52_ai2ai] mode=cross_model temp=1.0 -> 15 runs -> results/axis_llama_3_3_70b_usersim_task_gpt52_ai2ai/cross_model__openai-gpt-5.2_x_meta-llama-Llama-3.3-70B-Instruct__user_simulator_task__usersim_opener_v1__temp1.0.json
    [length cap] meta-llama/Llama-3.3-70B-Instruct truncated reply at 512 tokens; retrying with 1536
    [length cap] meta-llama/Llama-3.3-70B-Instruct truncated reply at 512 tokens; retrying with 1536
    [length cap] meta-llama/Llama-3.3-70B-Instruct truncated reply at 512 tokens; retrying with 1536
    [length cap] meta-llama/Llama-3.3-70B-Instruct truncated reply at 512 tokens; retrying with 1536
    [length cap] meta-llama/Llama-3.3-70B-Instruct truncated reply at 512 tokens; retrying with 1536
    [length cap] meta-llama/Llama-3.3-70B-Instruct truncated reply at 512 tokens; retrying with 1536
    [length cap] meta-llama/Llama-3.3-70B-Instruct truncated reply at 512 tokens; retrying with 1536
    [length cap] meta-llama/Llama-3.3-70B-Instruct truncated reply at 512 tokens; retrying with 1536
    [length cap] meta-llama/Llama-3.3-70B-Instruct truncated reply at 512 tokens; retrying with 1536
    [length cap] openai/gpt-5.2 truncated reply at 512 tokens; retrying with 1536
    [length cap] meta-llama/Llama-3.3-70B-Instruct truncated reply at 512 tokens; retrying with 1536
    [length cap] openai/gpt-5.2 truncated reply at 512 tokens; retrying with 1536
    [length cap] openai/gpt-5.2 truncated reply at 512 tokens; retrying with 1536
    [length cap] meta-llama/Llama-3.3-70B-Instruct truncated reply at 512 tokens; retrying with 1536
    [length cap] meta-llama/Llama-3.3-70B-Instruct truncated reply at 512 tokens; retrying with 1536
    [length cap] openai/gpt-5.2 truncated reply at 512 tokens; retrying with 1536
    [length cap] openai/gpt-5.2 truncated reply at 512 tokens; retrying with 1536
    [length cap] openai/gpt-5.2 truncated reply at 512 tokens; retrying with 1536
    [length cap] openai/gpt-5.2 truncated reply at 512 tokens; retrying with 1536
    [length cap] openai/gpt-5.2 truncated reply at 512 tokens; retrying with 1536
    [length cap] openai/gpt-5.2 truncated reply at 1536 tokens; retrying with 4608
    [length cap] openai/gpt-5.2 truncated reply at 512 tokens; retrying with 1536
    [length cap] openai/gpt-5.2 truncated reply at 1536 tokens; retrying with 4608
    [length cap] openai/gpt-5.2 truncated reply at 512 tokens; retrying with 1536
    [length cap] openai/gpt-5.2 truncated reply at 512 tokens; retrying with 1536
    [length cap] openai/gpt-5.2 truncated reply at 512 tokens; retrying with 1536
    [length cap] openai/gpt-5.2 truncated reply at 512 tokens; retrying with 1536
    [length cap] openai/gpt-5.2 truncated reply at 512 tokens; retrying with 1536
    [length cap] meta-llama/Llama-3.3-70B-Instruct truncated reply at 512 tokens; retrying with 1536
    [length cap] openai/gpt-5.2 truncated reply at 512 tokens; retrying with 1536
    [length cap] meta-llama/Llama-3.3-70B-Instruct truncated reply at 512 tokens; retrying with 1536
    [length cap] openai/gpt-5.2 truncated reply at 1536 tokens; retrying with 4608
    [length cap] meta-llama/Llama-3.3-70B-Instruct truncated reply at 512 tokens; retrying with 1536
    [length cap] openai/gpt-5.2 truncated reply at 512 tokens; retrying with 1536
    [length cap] openai/gpt-5.2 truncated reply at 1536 tokens; retrying with 4608
    [length cap] meta-llama/Llama-3.3-70B-Instruct truncated reply at 512 tokens; retrying with 1536
    [length cap] meta-llama/Llama-3.3-70B-Instruct truncated reply at 512 tokens; retrying with 1536
    [length cap] meta-llama/Llama-3.3-70B-Instruct truncated reply at 512 tokens; retrying with 1536
    [length cap] meta-llama/Llama-3.3-70B-Instruct truncated reply at 512 tokens; retrying with 1536
    [length cap] openai/gpt-5.2 truncated reply at 1536 tokens; retrying with 4608
    [length cap] openai/gpt-5.2 truncated reply at 512 tokens; retrying with 1536
    [length cap] openai/gpt-5.2 truncated reply at 512 tokens; retrying with 1536
    [length cap] openai/gpt-5.2 truncated reply at 512 tokens; retrying with 1536
    [length cap] openai/gpt-5.2 truncated reply at 512 tokens; retrying with 1536
    [length cap] openai/gpt-5.2 truncated reply at 512 tokens; retrying with 1536
    [length cap] openai/gpt-5.2 truncated reply at 512 tokens; retrying with 1536
    [length cap] meta-llama/Llama-3.3-70B-Instruct truncated reply at 512 tokens; retrying with 1536
    [length cap] meta-llama/Llama-3.3-70B-Instruct truncated reply at 512 tokens; retrying with 1536
    [length cap] openai/gpt-5.2 truncated reply at 512 tokens; retrying with 1536
    [length cap] openai/gpt-5.2 truncated reply at 512 tokens; retrying with 1536
    [length cap] openai/gpt-5.2 truncated reply at 512 tokens; retrying with 1536
    [length cap] meta-llama/Llama-3.3-70B-Instruct truncated reply at 512 tokens; retrying with 1536
    [length cap] openai/gpt-5.2 truncated reply at 1536 tokens; retrying with 4608
    [length cap] meta-llama/Llama-3.3-70B-Instruct truncated reply at 512 tokens; retrying with 1536
    [length cap] meta-llama/Llama-3.3-70B-Instruct truncated reply at 512 tokens; retrying with 1536
    [length cap] openai/gpt-5.2 truncated reply at 1536 tokens; retrying with 4608
    [length cap] meta-llama/Llama-3.3-70B-Instruct truncated reply at 512 tokens; retrying with 1536
    [length cap] openai/gpt-5.2 truncated reply at 512 tokens; retrying with 1536
    [length cap] meta-llama/Llama-3.3-70B-Instruct truncated reply at 512 tokens; retrying with 1536
    [length cap] openai/gpt-5.2 truncated reply at 1536 tokens; retrying with 4608
    [length cap] openai/gpt-5.2 truncated reply at 1536 tokens; retrying with 4608
    [length cap] meta-llama/Llama-3.3-70B-Instruct truncated reply at 512 tokens; retrying with 1536
    [length cap] openai/gpt-5.2 truncated reply at 512 tokens; retrying with 1536
    [length cap] openai/gpt-5.2 truncated reply at 512 tokens; retrying with 1536
    [length cap] meta-llama/Llama-3.3-70B-Instruct truncated reply at 512 tokens; retrying with 1536
    [length cap] openai/gpt-5.2 empty (reasoning ate budget) at 512 tokens; retrying with 1536
    [length cap] openai/gpt-5.2 truncated reply at 512 tokens; retrying with 1536
    [length cap] openai/gpt-5.2 truncated reply at 512 tokens; retrying with 1536
    [length cap] meta-llama/Llama-3.3-70B-Instruct truncated reply at 1536 tokens; retrying with 4608
    [length cap] openai/gpt-5.2 truncated reply at 512 tokens; retrying with 1536
    [length cap] openai/gpt-5.2 truncated reply at 512 tokens; retrying with 1536
    [length cap] meta-llama/Llama-3.3-70B-Instruct truncated reply at 512 tokens; retrying with 1536
    [length cap] openai/gpt-5.2 truncated reply at 1536 tokens; retrying with 4608
    [length cap] openai/gpt-5.2 truncated reply at 512 tokens; retrying with 1536
    [length cap] openai/gpt-5.2 truncated reply at 512 tokens; retrying with 1536
    [length cap] openai/gpt-5.2 truncated reply at 512 tokens; retrying with 1536
    [length cap] meta-llama/Llama-3.3-70B-Instruct truncated reply at 512 tokens; retrying with 1536
    [length cap] meta-llama/Llama-3.3-70B-Instruct truncated reply at 512 tokens; retrying with 1536
    [length cap] openai/gpt-5.2 truncated reply at 512 tokens; retrying with 1536
    [length cap] meta-llama/Llama-3.3-70B-Instruct truncated reply at 512 tokens; retrying with 1536
    [length cap] openai/gpt-5.2 truncated reply at 512 tokens; retrying with 1536
    [length cap] meta-llama/Llama-3.3-70B-Instruct truncated reply at 1536 tokens; retrying with 4608
    [length cap] openai/gpt-5.2 truncated reply at 512 tokens; retrying with 1536
    [length cap] meta-llama/Llama-3.3-70B-Instruct truncated reply at 512 tokens; retrying with 1536
    [length cap] openai/gpt-5.2 truncated reply at 512 tokens; retrying with 1536
    [length cap] openai/gpt-5.2 truncated reply at 1536 tokens; retrying with 4608
    [length cap] openai/gpt-5.2 truncated reply at 1536 tokens; retrying with 4608
    [length cap] meta-llama/Llama-3.3-70B-Instruct truncated reply at 512 tokens; retrying with 1536
    [length cap] openai/gpt-5.2 truncated reply at 512 tokens; retrying with 1536
    [length cap] openai/gpt-5.2 truncated reply at 512 tokens; retrying with 1536
    [length cap] openai/gpt-5.2 truncated reply at 512 tokens; retrying with 1536
    [length cap] meta-llama/Llama-3.3-70B-Instruct truncated reply at 512 tokens; retrying with 1536
    [length cap] meta-llama/Llama-3.3-70B-Instruct truncated reply at 512 tokens; retrying with 1536
    [length cap] openai/gpt-5.2 truncated reply at 512 tokens; retrying with 1536
    [length cap] meta-llama/Llama-3.3-70B-Instruct truncated reply at 512 tokens; retrying with 1536
    [length cap] openai/gpt-5.2 truncated reply at 512 tokens; retrying with 1536
    [length cap] openai/gpt-5.2 truncated reply at 512 tokens; retrying with 1536
    [length cap] openai/gpt-5.2 truncated reply at 512 tokens; retrying with 1536
    [length cap] openai/gpt-5.2 truncated reply at 1536 tokens; retrying with 4608
    [length cap] openai/gpt-5.2 truncated reply at 512 tokens; retrying with 1536
    [length cap] openai/gpt-5.2 truncated reply at 512 tokens; retrying with 1536
    [length cap] meta-llama/Llama-3.3-70B-Instruct truncated reply at 512 tokens; retrying with 1536
    [length cap] openai/gpt-5.2 truncated reply at 1536 tokens; retrying with 4608
    [length cap] openai/gpt-5.2 truncated reply at 512 tokens; retrying with 1536
    [length cap] openai/gpt-5.2 truncated reply at 512 tokens; retrying with 1536
    [length cap] openai/gpt-5.2 truncated reply at 512 tokens; retrying with 1536
    [length cap] openai/gpt-5.2 truncated reply at 512 tokens; retrying with 1536
    [length cap] openai/gpt-5.2 truncated reply at 512 tokens; retrying with 1536
    [length cap] meta-llama/Llama-3.3-70B-Instruct truncated reply at 512 tokens; retrying with 1536
    [length cap] meta-llama/Llama-3.3-70B-Instruct truncated reply at 512 tokens; retrying with 1536
    [length cap] meta-llama/Llama-3.3-70B-Instruct truncated reply at 512 tokens; retrying with 1536
    [length cap] openai/gpt-5.2 truncated reply at 512 tokens; retrying with 1536
    [length cap] openai/gpt-5.2 truncated reply at 512 tokens; retrying with 1536
    [length cap] meta-llama/Llama-3.3-70B-Instruct truncated reply at 512 tokens; retrying with 1536
    [length cap] openai/gpt-5.2 truncated reply at 512 tokens; retrying with 1536
    [length cap] openai/gpt-5.2 truncated reply at 512 tokens; retrying with 1536
    [length cap] meta-llama/Llama-3.3-70B-Instruct truncated reply at 512 tokens; retrying with 1536
    [length cap] openai/gpt-5.2 truncated reply at 512 tokens; retrying with 1536
    [length cap] meta-llama/Llama-3.3-70B-Instruct truncated reply at 512 tokens; retrying with 1536
    [length cap] meta-llama/Llama-3.3-70B-Instruct truncated reply at 512 tokens; retrying with 1536
    [length cap] openai/gpt-5.2 truncated reply at 1536 tokens; retrying with 4608
    [length cap] meta-llama/Llama-3.3-70B-Instruct truncated reply at 512 tokens; retrying with 1536
    [length cap] openai/gpt-5.2 truncated reply at 1536 tokens; retrying with 4608
    [length cap] openai/gpt-5.2 truncated reply at 512 tokens; retrying with 1536
    [length cap] openai/gpt-5.2 truncated reply at 512 tokens; retrying with 1536
    [length cap] openai/gpt-5.2 truncated reply at 512 tokens; retrying with 1536
    [length cap] openai/gpt-5.2 truncated reply at 512 tokens; retrying with 1536
    [length cap] openai/gpt-5.2 truncated reply at 512 tokens; retrying with 1536
    [length cap] meta-llama/Llama-3.3-70B-Instruct truncated reply at 512 tokens; retrying with 1536
    [length cap] meta-llama/Llama-3.3-70B-Instruct truncated reply at 512 tokens; retrying with 1536
    [length cap] meta-llama/Llama-3.3-70B-Instruct truncated reply at 512 tokens; retrying with 1536
    [length cap] openai/gpt-5.2 truncated reply at 512 tokens; retrying with 1536
    [length cap] openai/gpt-5.2 truncated reply at 512 tokens; retrying with 1536
    [length cap] meta-llama/Llama-3.3-70B-Instruct truncated reply at 512 tokens; retrying with 1536
    [length cap] meta-llama/Llama-3.3-70B-Instruct truncated reply at 512 tokens; retrying with 1536
    [length cap] openai/gpt-5.2 truncated reply at 512 tokens; retrying with 1536
    [length cap] meta-llama/Llama-3.3-70B-Instruct truncated reply at 512 tokens; retrying with 1536
    [length cap] openai/gpt-5.2 truncated reply at 512 tokens; retrying with 1536
    [length cap] meta-llama/Llama-3.3-70B-Instruct truncated reply at 512 tokens; retrying with 1536
    [length cap] meta-llama/Llama-3.3-70B-Instruct truncated reply at 512 tokens; retrying with 1536
    [length cap] openai/gpt-5.2 truncated reply at 512 tokens; retrying with 1536
    [length cap] meta-llama/Llama-3.3-70B-Instruct truncated reply at 512 tokens; retrying with 1536
    [length cap] openai/gpt-5.2 truncated reply at 512 tokens; retrying with 1536
    [length cap] openai/gpt-5.2 truncated reply at 512 tokens; retrying with 1536
    [length cap] meta-llama/Llama-3.3-70B-Instruct truncated reply at 512 tokens; retrying with 1536
    [length cap] openai/gpt-5.2 truncated reply at 512 tokens; retrying with 1536
    [length cap] meta-llama/Llama-3.3-70B-Instruct truncated reply at 512 tokens; retrying with 1536
    [length cap] meta-llama/Llama-3.3-70B-Instruct truncated reply at 512 tokens; retrying with 1536
    [length cap] meta-llama/Llama-3.3-70B-Instruct truncated reply at 512 tokens; retrying with 1536
    [length cap] meta-llama/Llama-3.3-70B-Instruct truncated reply at 512 tokens; retrying with 1536
    [length cap] meta-llama/Llama-3.3-70B-Instruct truncated reply at 512 tokens; retrying with 1536
    [length cap] meta-llama/Llama-3.3-70B-Instruct truncated reply at 512 tokens; retrying with 1536
    [length cap] openai/gpt-5.2 truncated reply at 512 tokens; retrying with 1536
    [length cap] openai/gpt-5.2 truncated reply at 512 tokens; retrying with 1536
    [length cap] openai/gpt-5.2 truncated reply at 512 tokens; retrying with 1536
    [length cap] meta-llama/Llama-3.3-70B-Instruct truncated reply at 512 tokens; retrying with 1536
    [length cap] openai/gpt-5.2 truncated reply at 512 tokens; retrying with 1536
    [length cap] openai/gpt-5.2 truncated reply at 512 tokens; retrying with 1536
    [length cap] openai/gpt-5.2 truncated reply at 512 tokens; retrying with 1536
    [length cap] meta-llama/Llama-3.3-70B-Instruct truncated reply at 1536 tokens; retrying with 4608
    [length cap] openai/gpt-5.2 truncated reply at 512 tokens; retrying with 1536
    [length cap] openai/gpt-5.2 truncated reply at 1536 tokens; retrying with 4608
    [length cap] openai/gpt-5.2 truncated reply at 512 tokens; retrying with 1536
    [length cap] meta-llama/Llama-3.3-70B-Instruct truncated reply at 512 tokens; retrying with 1536
    [length cap] meta-llama/Llama-3.3-70B-Instruct truncated reply at 512 tokens; retrying with 1536
    [length cap] openai/gpt-5.2 truncated reply at 512 tokens; retrying with 1536
    [length cap] openai/gpt-5.2 truncated reply at 512 tokens; retrying with 1536
    [length cap] meta-llama/Llama-3.3-70B-Instruct truncated reply at 512 tokens; retrying with 1536
    [length cap] openai/gpt-5.2 truncated reply at 512 tokens; retrying with 1536
    [length cap] meta-llama/Llama-3.3-70B-Instruct truncated reply at 512 tokens; retrying with 1536
    [length cap] openai/gpt-5.2 truncated reply at 512 tokens; retrying with 1536
    [length cap] openai/gpt-5.2 truncated reply at 512 tokens; retrying with 1536
    [length cap] openai/gpt-5.2 truncated reply at 512 tokens; retrying with 1536
    [length cap] meta-llama/Llama-3.3-70B-Instruct truncated reply at 512 tokens; retrying with 1536
    [length cap] openai/gpt-5.2 truncated reply at 512 tokens; retrying with 1536
    [length cap] openai/gpt-5.2 truncated reply at 512 tokens; retrying with 1536
    [length cap] openai/gpt-5.2 truncated reply at 512 tokens; retrying with 1536
    [length cap] openai/gpt-5.2 truncated reply at 512 tokens; retrying with 1536
    [length cap] meta-llama/Llama-3.3-70B-Instruct truncated reply at 512 tokens; retrying with 1536
    [length cap] openai/gpt-5.2 truncated reply at 1536 tokens; retrying with 4608
    [length cap] openai/gpt-5.2 truncated reply at 512 tokens; retrying with 1536
    [length cap] meta-llama/Llama-3.3-70B-Instruct truncated reply at 512 tokens; retrying with 1536
    [length cap] meta-llama/Llama-3.3-70B-Instruct truncated reply at 512 tokens; retrying with 1536
    [length cap] openai/gpt-5.2 truncated reply at 512 tokens; retrying with 1536
    [length cap] meta-llama/Llama-3.3-70B-Instruct truncated reply at 512 tokens; retrying with 1536
    [run 8 turn 24] context window full — ending conversation (23 turns kept)
  [run 8] done (23 turns) — saved 1/15
    [length cap] openai/gpt-5.2 truncated reply at 512 tokens; retrying with 1536
    [length cap] openai/gpt-5.2 truncated reply at 512 tokens; retrying with 1536
    [length cap] meta-llama/Llama-3.3-70B-Instruct truncated reply at 512 tokens; retrying with 1536
    [length cap] meta-llama/Llama-3.3-70B-Instruct truncated reply at 512 tokens; retrying with 1536
    [length cap] openai/gpt-5.2 truncated reply at 512 tokens; retrying with 1536
    [length cap] openai/gpt-5.2 truncated reply at 1536 tokens; retrying with 4608
    [length cap] openai/gpt-5.2 truncated reply at 512 tokens; retrying with 1536
    [length cap] openai/gpt-5.2 truncated reply at 512 tokens; retrying with 1536
    [length cap] meta-llama/Llama-3.3-70B-Instruct truncated reply at 512 tokens; retrying with 1536
  [run 14] done (30 turns) — saved 2/15
    [length cap] openai/gpt-5.2 truncated reply at 512 tokens; retrying with 1536
    [length cap] openai/gpt-5.2 truncated reply at 512 tokens; retrying with 1536
    [length cap] openai/gpt-5.2 truncated reply at 512 tokens; retrying with 1536
    [length cap] openai/gpt-5.2 truncated reply at 1536 tokens; retrying with 4608
    [length cap] openai/gpt-5.2 truncated reply at 512 tokens; retrying with 1536
    [length cap] meta-llama/Llama-3.3-70B-Instruct truncated reply at 512 tokens; retrying with 1536
    [length cap] meta-llama/Llama-3.3-70B-Instruct truncated reply at 512 tokens; retrying with 1536
    [length cap] meta-llama/Llama-3.3-70B-Instruct truncated reply at 512 tokens; retrying with 1536
    [length cap] openai/gpt-5.2 truncated reply at 512 tokens; retrying with 1536
    [length cap] meta-llama/Llama-3.3-70B-Instruct truncated reply at 512 tokens; retrying with 1536
    [length cap] meta-llama/Llama-3.3-70B-Instruct truncated reply at 512 tokens; retrying with 1536
    [length cap] meta-llama/Llama-3.3-70B-Instruct truncated reply at 512 tokens; retrying with 1536
    [run 4 turn 16] context window full — ending conversation (15 turns kept)
  [run 4] done (15 turns) — saved 3/15
    [length cap] openai/gpt-5.2 truncated reply at 512 tokens; retrying with 1536
    [length cap] openai/gpt-5.2 truncated reply at 512 tokens; retrying with 1536
    [length cap] openai/gpt-5.2 empty (reasoning ate budget) at 512 tokens; retrying with 1536
    [length cap] meta-llama/Llama-3.3-70B-Instruct truncated reply at 512 tokens; retrying with 1536
    [length cap] openai/gpt-5.2 truncated reply at 512 tokens; retrying with 1536
    [length cap] meta-llama/Llama-3.3-70B-Instruct truncated reply at 512 tokens; retrying with 1536
    [length cap] openai/gpt-5.2 truncated reply at 512 tokens; retrying with 1536
    [length cap] openai/gpt-5.2 truncated reply at 512 tokens; retrying with 1536
    [length cap] openai/gpt-5.2 truncated reply at 512 tokens; retrying with 1536
    [length cap] openai/gpt-5.2 truncated reply at 1536 tokens; retrying with 4608
    [length cap] openai/gpt-5.2 truncated reply at 512 tokens; retrying with 1536
    [length cap] openai/gpt-5.2 truncated reply at 512 tokens; retrying with 1536
    [length cap] openai/gpt-5.2 truncated reply at 512 tokens; retrying with 1536
    [length cap] openai/gpt-5.2 truncated reply at 512 tokens; retrying with 1536
    [length cap] openai/gpt-5.2 truncated reply at 512 tokens; retrying with 1536
    [length cap] meta-llama/Llama-3.3-70B-Instruct truncated reply at 512 tokens; retrying with 1536
    [length cap] openai/gpt-5.2 truncated reply at 1536 tokens; retrying with 4608
    [length cap] openai/gpt-5.2 truncated reply at 1536 tokens; retrying with 4608
    [run 5 turn 28] context window full — ending conversation (27 turns kept)
  [run 5] done (27 turns) — saved 4/15
    [length cap] openai/gpt-5.2 truncated reply at 512 tokens; retrying with 1536
    [length cap] meta-llama/Llama-3.3-70B-Instruct truncated reply at 512 tokens; retrying with 1536
    [length cap] meta-llama/Llama-3.3-70B-Instruct truncated reply at 1536 tokens; retrying with 4608
    [run 12 turn 20] context window full — ending conversation (19 turns kept)
  [run 12] done (19 turns) — saved 5/15
  [run 1] done (30 turns) — saved 6/15
    [length cap] meta-llama/Llama-3.3-70B-Instruct truncated reply at 512 tokens; retrying with 1536
    [length cap] meta-llama/Llama-3.3-70B-Instruct truncated reply at 512 tokens; retrying with 1536
    [length cap] openai/gpt-5.2 truncated reply at 512 tokens; retrying with 1536
    [length cap] meta-llama/Llama-3.3-70B-Instruct truncated reply at 512 tokens; retrying with 1536
    [length cap] meta-llama/Llama-3.3-70B-Instruct truncated reply at 512 tokens; retrying with 1536
    [run 3 turn 28] context window full — ending conversation (27 turns kept)
  [run 3] done (27 turns) — saved 7/15
    [run 6 turn 26] context window full — ending conversation (25 turns kept)
  [run 6] done (25 turns) — saved 8/15
    [length cap] meta-llama/Llama-3.3-70B-Instruct truncated reply at 512 tokens; retrying with 1536
  [run 10] done (30 turns) — saved 9/15
    [length cap] meta-llama/Llama-3.3-70B-Instruct truncated reply at 512 tokens; retrying with 1536
    [length cap] meta-llama/Llama-3.3-70B-Instruct truncated reply at 512 tokens; retrying with 1536
    [run 2 turn 18] context window full — ending conversation (17 turns kept)
  [run 2] done (17 turns) — saved 10/15
    [length cap] openai/gpt-5.2 truncated reply at 512 tokens; retrying with 1536
    [run 0 turn 30] context window full — ending conversation (29 turns kept)
  [run 0] done (29 turns) — saved 11/15
    [length cap] openai/gpt-5.2 truncated reply at 512 tokens; retrying with 1536
    [length cap] openai/gpt-5.2 truncated reply at 512 tokens; retrying with 1536
    [length cap] openai/gpt-5.2 truncated reply at 1536 tokens; retrying with 4608
    [length cap] openai/gpt-5.2 truncated reply at 512 tokens; retrying with 1536
    [length cap] meta-llama/Llama-3.3-70B-Instruct truncated reply at 512 tokens; retrying with 1536
    [run 11 turn 20] context window full — ending conversation (19 turns kept)
  [run 11] done (19 turns) — saved 12/15
    [length cap] openai/gpt-5.2 empty (reasoning ate budget) at 512 tokens; retrying with 1536
    [length cap] meta-llama/Llama-3.3-70B-Instruct truncated reply at 512 tokens; retrying with 1536
    [run 9 turn 26] context window full — ending conversation (25 turns kept)
  [run 9] done (25 turns) — saved 13/15
    [length cap] openai/gpt-5.2 truncated reply at 1536 tokens; retrying with 4608
    [length cap] meta-llama/Llama-3.3-70B-Instruct truncated reply at 512 tokens; retrying with 1536
    [run 7 turn 22] context window full — ending conversation (21 turns kept)
  [run 7] done (21 turns) — saved 14/15
    [run 13 turn 30] context window full — ending conversation (29 turns kept)
  [run 13] done (29 turns) — saved 15/15
  wrote results/axis_llama_3_3_70b_usersim_task_gpt52_ai2ai/cross_model__openai-gpt-5.2_x_meta-llama-Llama-3.3-70B-Instruct__user_simulator_task__usersim_opener_v1__temp1.0.md

Wrote condition files:
  results/axis_llama_3_3_70b_usersim_task_gpt52_ai2ai/cross_model__openai-gpt-5.2_x_meta-llama-Llama-3.3-70B-Instruct__user_simulator_task__usersim_opener_v1__temp1.0.json
Wrote results/axis_llama_3_3_70b_usersim_task_sonnet5_ai2ai/analysis/cross_model__anthropic-claude-sonnet-5_x_meta-llama-Llama-3.3-70B-Instruct__user_simulator_task__usersim_opener_v1__temp1.0__stage1.json  (15 runs)
Wrote results/axis_llama_3_3_70b_usersim_task_sonnet5_ai2ai/analysis/cross_model__anthropic-claude-sonnet-5_x_meta-llama-Llama-3.3-70B-Instruct__user_simulator_task__usersim_opener_v1__temp1.0__stage1.md
Wrote results/axis_llama_3_3_70b_usersim_task_gpt52_ai2ai/analysis/cross_model__openai-gpt-5.2_x_meta-llama-Llama-3.3-70B-Instruct__user_simulator_task__usersim_opener_v1__temp1.0__stage1.json  (15 runs)
Wrote results/axis_llama_3_3_70b_usersim_task_gpt52_ai2ai/analysis/cross_model__openai-gpt-5.2_x_meta-llama-Llama-3.3-70B-Instruct__user_simulator_task__usersim_opener_v1__temp1.0__stage1.md
  generating: llama-3.3-70b / condition=usersim_open / auditor=sonnet-5 -> results/axis_llama_3_3_70b_usersim_open_sonnet5_ai2ai (16 parallel)...
[axis_llama_3_3_70b_usersim_open_sonnet5_ai2ai] mode=cross_model temp=1.0 -> 15 runs -> results/axis_llama_3_3_70b_usersim_open_sonnet5_ai2ai/cross_model__anthropic-claude-sonnet-5_x_meta-llama-Llama-3.3-70B-Instruct__user_simulator_open__usersim_opener_v1__temp1.0.json
    [length cap] meta-llama/Llama-3.3-70B-Instruct truncated reply at 512 tokens; retrying with 1536
    [length cap] meta-llama/Llama-3.3-70B-Instruct truncated reply at 512 tokens; retrying with 1536
    [length cap] meta-llama/Llama-3.3-70B-Instruct truncated reply at 512 tokens; retrying with 1536
    [length cap] meta-llama/Llama-3.3-70B-Instruct truncated reply at 512 tokens; retrying with 1536
    [length cap] meta-llama/Llama-3.3-70B-Instruct truncated reply at 512 tokens; retrying with 1536
    [length cap] meta-llama/Llama-3.3-70B-Instruct truncated reply at 512 tokens; retrying with 1536
    [length cap] meta-llama/Llama-3.3-70B-Instruct truncated reply at 512 tokens; retrying with 1536
    [length cap] meta-llama/Llama-3.3-70B-Instruct truncated reply at 512 tokens; retrying with 1536
    [length cap] meta-llama/Llama-3.3-70B-Instruct truncated reply at 512 tokens; retrying with 1536
    [length cap] meta-llama/Llama-3.3-70B-Instruct truncated reply at 512 tokens; retrying with 1536
    [length cap] meta-llama/Llama-3.3-70B-Instruct truncated reply at 512 tokens; retrying with 1536
    [length cap] meta-llama/Llama-3.3-70B-Instruct truncated reply at 512 tokens; retrying with 1536
    [length cap] meta-llama/Llama-3.3-70B-Instruct truncated reply at 512 tokens; retrying with 1536
    [length cap] meta-llama/Llama-3.3-70B-Instruct truncated reply at 512 tokens; retrying with 1536
    [length cap] meta-llama/Llama-3.3-70B-Instruct truncated reply at 512 tokens; retrying with 1536
    [length cap] meta-llama/Llama-3.3-70B-Instruct truncated reply at 512 tokens; retrying with 1536
    [length cap] meta-llama/Llama-3.3-70B-Instruct truncated reply at 512 tokens; retrying with 1536
    [length cap] meta-llama/Llama-3.3-70B-Instruct truncated reply at 512 tokens; retrying with 1536
    [length cap] meta-llama/Llama-3.3-70B-Instruct truncated reply at 512 tokens; retrying with 1536
    [length cap] meta-llama/Llama-3.3-70B-Instruct truncated reply at 512 tokens; retrying with 1536
    [length cap] meta-llama/Llama-3.3-70B-Instruct truncated reply at 512 tokens; retrying with 1536
    [length cap] meta-llama/Llama-3.3-70B-Instruct truncated reply at 512 tokens; retrying with 1536
    [length cap] meta-llama/Llama-3.3-70B-Instruct truncated reply at 512 tokens; retrying with 1536
    [length cap] meta-llama/Llama-3.3-70B-Instruct truncated reply at 512 tokens; retrying with 1536
    [length cap] meta-llama/Llama-3.3-70B-Instruct truncated reply at 512 tokens; retrying with 1536
    [length cap] meta-llama/Llama-3.3-70B-Instruct truncated reply at 512 tokens; retrying with 1536
    [length cap] anthropic/claude-sonnet-5 truncated reply at 512 tokens; retrying with 1536
    [length cap] meta-llama/Llama-3.3-70B-Instruct truncated reply at 512 tokens; retrying with 1536
    [length cap] meta-llama/Llama-3.3-70B-Instruct truncated reply at 512 tokens; retrying with 1536
    [length cap] meta-llama/Llama-3.3-70B-Instruct truncated reply at 512 tokens; retrying with 1536
    [length cap] anthropic/claude-sonnet-5 truncated reply at 512 tokens; retrying with 1536
    [length cap] meta-llama/Llama-3.3-70B-Instruct truncated reply at 512 tokens; retrying with 1536
    [length cap] meta-llama/Llama-3.3-70B-Instruct truncated reply at 512 tokens; retrying with 1536
    [length cap] meta-llama/Llama-3.3-70B-Instruct truncated reply at 512 tokens; retrying with 1536
    [length cap] meta-llama/Llama-3.3-70B-Instruct truncated reply at 512 tokens; retrying with 1536
    [length cap] meta-llama/Llama-3.3-70B-Instruct truncated reply at 512 tokens; retrying with 1536
    [length cap] meta-llama/Llama-3.3-70B-Instruct truncated reply at 512 tokens; retrying with 1536
    [length cap] meta-llama/Llama-3.3-70B-Instruct truncated reply at 512 tokens; retrying with 1536
    [length cap] meta-llama/Llama-3.3-70B-Instruct truncated reply at 512 tokens; retrying with 1536
    [length cap] meta-llama/Llama-3.3-70B-Instruct truncated reply at 512 tokens; retrying with 1536
    [length cap] meta-llama/Llama-3.3-70B-Instruct truncated reply at 512 tokens; retrying with 1536
    [length cap] meta-llama/Llama-3.3-70B-Instruct truncated reply at 512 tokens; retrying with 1536
    [length cap] meta-llama/Llama-3.3-70B-Instruct truncated reply at 512 tokens; retrying with 1536
    [length cap] anthropic/claude-sonnet-5 truncated reply at 512 tokens; retrying with 1536
    [length cap] meta-llama/Llama-3.3-70B-Instruct truncated reply at 512 tokens; retrying with 1536
    [length cap] anthropic/claude-sonnet-5 truncated reply at 512 tokens; retrying with 1536
    [length cap] meta-llama/Llama-3.3-70B-Instruct truncated reply at 512 tokens; retrying with 1536
    [length cap] meta-llama/Llama-3.3-70B-Instruct truncated reply at 512 tokens; retrying with 1536
    [length cap] meta-llama/Llama-3.3-70B-Instruct truncated reply at 512 tokens; retrying with 1536
    [length cap] meta-llama/Llama-3.3-70B-Instruct truncated reply at 512 tokens; retrying with 1536
  [run 2] done (30 turns) — saved 1/15
    [length cap] meta-llama/Llama-3.3-70B-Instruct truncated reply at 512 tokens; retrying with 1536
    [length cap] meta-llama/Llama-3.3-70B-Instruct truncated reply at 512 tokens; retrying with 1536
    [length cap] meta-llama/Llama-3.3-70B-Instruct truncated reply at 512 tokens; retrying with 1536
  [run 9] done (30 turns) — saved 2/15
  [run 0] done (30 turns) — saved 3/15
    [length cap] meta-llama/Llama-3.3-70B-Instruct truncated reply at 512 tokens; retrying with 1536
  [run 8] done (30 turns) — saved 4/15
    [length cap] meta-llama/Llama-3.3-70B-Instruct truncated reply at 512 tokens; retrying with 1536
    [length cap] meta-llama/Llama-3.3-70B-Instruct truncated reply at 512 tokens; retrying with 1536
  [run 3] done (30 turns) — saved 5/15
    [length cap] meta-llama/Llama-3.3-70B-Instruct truncated reply at 512 tokens; retrying with 1536
    [length cap] meta-llama/Llama-3.3-70B-Instruct truncated reply at 512 tokens; retrying with 1536
  [run 6] done (30 turns) — saved 6/15
  [run 7] done (30 turns) — saved 7/15
  [run 14] done (30 turns) — saved 8/15
    [length cap] anthropic/claude-sonnet-5 truncated reply at 512 tokens; retrying with 1536
    [length cap] meta-llama/Llama-3.3-70B-Instruct truncated reply at 512 tokens; retrying with 1536
  [run 12] done (30 turns) — saved 9/15
    [length cap] anthropic/claude-sonnet-5 truncated reply at 512 tokens; retrying with 1536
  [run 1] done (30 turns) — saved 10/15
    [length cap] meta-llama/Llama-3.3-70B-Instruct truncated reply at 512 tokens; retrying with 1536
  [run 4] done (30 turns) — saved 11/15
  [run 10] done (30 turns) — saved 12/15
  [run 13] done (30 turns) — saved 13/15
    [length cap] anthropic/claude-sonnet-5 truncated reply at 512 tokens; retrying with 1536
  [run 11] done (30 turns) — saved 14/15
    [length cap] anthropic/claude-sonnet-5 truncated reply at 512 tokens; retrying with 1536
  [run 5] done (30 turns) — saved 15/15
  wrote results/axis_llama_3_3_70b_usersim_open_sonnet5_ai2ai/cross_model__anthropic-claude-sonnet-5_x_meta-llama-Llama-3.3-70B-Instruct__user_simulator_open__usersim_opener_v1__temp1.0.md

Wrote condition files:
  results/axis_llama_3_3_70b_usersim_open_sonnet5_ai2ai/cross_model__anthropic-claude-sonnet-5_x_meta-llama-Llama-3.3-70B-Instruct__user_simulator_open__usersim_opener_v1__temp1.0.json
  generating: llama-3.3-70b / condition=usersim_open / auditor=gpt-5.2 -> results/axis_llama_3_3_70b_usersim_open_gpt52_ai2ai (16 parallel)...
[axis_llama_3_3_70b_usersim_open_gpt52_ai2ai] mode=cross_model temp=1.0 -> 15 runs -> results/axis_llama_3_3_70b_usersim_open_gpt52_ai2ai/cross_model__openai-gpt-5.2_x_meta-llama-Llama-3.3-70B-Instruct__user_simulator_open__usersim_opener_v1__temp1.0.json
    [length cap] meta-llama/Llama-3.3-70B-Instruct truncated reply at 512 tokens; retrying with 1536
    [length cap] meta-llama/Llama-3.3-70B-Instruct truncated reply at 512 tokens; retrying with 1536
    [length cap] meta-llama/Llama-3.3-70B-Instruct truncated reply at 512 tokens; retrying with 1536
    [length cap] openai/gpt-5.2 truncated reply at 512 tokens; retrying with 1536
    [length cap] meta-llama/Llama-3.3-70B-Instruct truncated reply at 512 tokens; retrying with 1536
    [length cap] meta-llama/Llama-3.3-70B-Instruct truncated reply at 512 tokens; retrying with 1536
    [length cap] openai/gpt-5.2 truncated reply at 512 tokens; retrying with 1536
    [length cap] meta-llama/Llama-3.3-70B-Instruct truncated reply at 512 tokens; retrying with 1536
    [length cap] meta-llama/Llama-3.3-70B-Instruct truncated reply at 512 tokens; retrying with 1536
    [length cap] meta-llama/Llama-3.3-70B-Instruct truncated reply at 512 tokens; retrying with 1536
    [length cap] meta-llama/Llama-3.3-70B-Instruct truncated reply at 512 tokens; retrying with 1536
    [length cap] openai/gpt-5.2 truncated reply at 512 tokens; retrying with 1536
    [length cap] openai/gpt-5.2 truncated reply at 512 tokens; retrying with 1536
    [length cap] meta-llama/Llama-3.3-70B-Instruct truncated reply at 512 tokens; retrying with 1536
    [length cap] meta-llama/Llama-3.3-70B-Instruct truncated reply at 512 tokens; retrying with 1536
    [length cap] meta-llama/Llama-3.3-70B-Instruct truncated reply at 512 tokens; retrying with 1536
    [length cap] meta-llama/Llama-3.3-70B-Instruct truncated reply at 512 tokens; retrying with 1536
    [length cap] openai/gpt-5.2 truncated reply at 512 tokens; retrying with 1536
    [length cap] meta-llama/Llama-3.3-70B-Instruct truncated reply at 512 tokens; retrying with 1536
    [length cap] openai/gpt-5.2 truncated reply at 512 tokens; retrying with 1536
    [length cap] meta-llama/Llama-3.3-70B-Instruct truncated reply at 512 tokens; retrying with 1536
    [length cap] meta-llama/Llama-3.3-70B-Instruct truncated reply at 512 tokens; retrying with 1536
    [length cap] meta-llama/Llama-3.3-70B-Instruct truncated reply at 512 tokens; retrying with 1536
    [length cap] openai/gpt-5.2 truncated reply at 512 tokens; retrying with 1536
    [length cap] openai/gpt-5.2 truncated reply at 512 tokens; retrying with 1536
    [length cap] openai/gpt-5.2 truncated reply at 512 tokens; retrying with 1536
    [length cap] meta-llama/Llama-3.3-70B-Instruct truncated reply at 512 tokens; retrying with 1536
    [length cap] openai/gpt-5.2 truncated reply at 512 tokens; retrying with 1536
    [length cap] openai/gpt-5.2 truncated reply at 512 tokens; retrying with 1536
    [length cap] meta-llama/Llama-3.3-70B-Instruct truncated reply at 512 tokens; retrying with 1536
    [length cap] openai/gpt-5.2 truncated reply at 512 tokens; retrying with 1536
    [length cap] meta-llama/Llama-3.3-70B-Instruct truncated reply at 512 tokens; retrying with 1536
    [length cap] meta-llama/Llama-3.3-70B-Instruct truncated reply at 512 tokens; retrying with 1536
    [length cap] meta-llama/Llama-3.3-70B-Instruct truncated reply at 512 tokens; retrying with 1536
    [length cap] openai/gpt-5.2 truncated reply at 512 tokens; retrying with 1536
    [length cap] meta-llama/Llama-3.3-70B-Instruct truncated reply at 512 tokens; retrying with 1536
    [length cap] meta-llama/Llama-3.3-70B-Instruct truncated reply at 512 tokens; retrying with 1536
    [length cap] meta-llama/Llama-3.3-70B-Instruct truncated reply at 512 tokens; retrying with 1536
    [length cap] meta-llama/Llama-3.3-70B-Instruct truncated reply at 512 tokens; retrying with 1536
    [length cap] openai/gpt-5.2 truncated reply at 512 tokens; retrying with 1536
    [length cap] openai/gpt-5.2 truncated reply at 512 tokens; retrying with 1536
    [length cap] meta-llama/Llama-3.3-70B-Instruct truncated reply at 512 tokens; retrying with 1536
    [length cap] openai/gpt-5.2 truncated reply at 512 tokens; retrying with 1536
    [length cap] openai/gpt-5.2 truncated reply at 512 tokens; retrying with 1536
    [length cap] openai/gpt-5.2 truncated reply at 512 tokens; retrying with 1536
    [length cap] meta-llama/Llama-3.3-70B-Instruct truncated reply at 512 tokens; retrying with 1536
    [length cap] openai/gpt-5.2 truncated reply at 512 tokens; retrying with 1536
    [length cap] openai/gpt-5.2 truncated reply at 512 tokens; retrying with 1536
    [length cap] openai/gpt-5.2 truncated reply at 512 tokens; retrying with 1536
    [length cap] meta-llama/Llama-3.3-70B-Instruct truncated reply at 512 tokens; retrying with 1536
    [length cap] openai/gpt-5.2 truncated reply at 512 tokens; retrying with 1536
    [length cap] meta-llama/Llama-3.3-70B-Instruct truncated reply at 512 tokens; retrying with 1536
    [length cap] meta-llama/Llama-3.3-70B-Instruct truncated reply at 512 tokens; retrying with 1536
    [length cap] meta-llama/Llama-3.3-70B-Instruct truncated reply at 512 tokens; retrying with 1536
    [length cap] openai/gpt-5.2 truncated reply at 512 tokens; retrying with 1536
    [length cap] openai/gpt-5.2 truncated reply at 512 tokens; retrying with 1536
    [length cap] meta-llama/Llama-3.3-70B-Instruct truncated reply at 512 tokens; retrying with 1536
    [length cap] openai/gpt-5.2 truncated reply at 512 tokens; retrying with 1536
    [length cap] openai/gpt-5.2 truncated reply at 512 tokens; retrying with 1536
    [length cap] openai/gpt-5.2 truncated reply at 512 tokens; retrying with 1536
    [length cap] openai/gpt-5.2 truncated reply at 512 tokens; retrying with 1536
    [length cap] meta-llama/Llama-3.3-70B-Instruct truncated reply at 512 tokens; retrying with 1536
    [length cap] meta-llama/Llama-3.3-70B-Instruct truncated reply at 512 tokens; retrying with 1536
    [length cap] openai/gpt-5.2 truncated reply at 512 tokens; retrying with 1536
    [length cap] openai/gpt-5.2 truncated reply at 512 tokens; retrying with 1536
    [length cap] meta-llama/Llama-3.3-70B-Instruct truncated reply at 512 tokens; retrying with 1536
    [length cap] openai/gpt-5.2 truncated reply at 512 tokens; retrying with 1536
    [length cap] openai/gpt-5.2 truncated reply at 512 tokens; retrying with 1536
    [length cap] openai/gpt-5.2 truncated reply at 512 tokens; retrying with 1536
    [length cap] openai/gpt-5.2 truncated reply at 512 tokens; retrying with 1536
    [length cap] meta-llama/Llama-3.3-70B-Instruct truncated reply at 512 tokens; retrying with 1536
    [length cap] meta-llama/Llama-3.3-70B-Instruct truncated reply at 512 tokens; retrying with 1536
    [length cap] openai/gpt-5.2 truncated reply at 512 tokens; retrying with 1536
    [length cap] meta-llama/Llama-3.3-70B-Instruct truncated reply at 512 tokens; retrying with 1536
    [length cap] meta-llama/Llama-3.3-70B-Instruct truncated reply at 512 tokens; retrying with 1536
    [length cap] openai/gpt-5.2 truncated reply at 512 tokens; retrying with 1536
    [length cap] meta-llama/Llama-3.3-70B-Instruct truncated reply at 512 tokens; retrying with 1536
    [length cap] meta-llama/Llama-3.3-70B-Instruct truncated reply at 512 tokens; retrying with 1536
    [length cap] meta-llama/Llama-3.3-70B-Instruct truncated reply at 512 tokens; retrying with 1536
    [length cap] openai/gpt-5.2 truncated reply at 512 tokens; retrying with 1536
    [length cap] openai/gpt-5.2 truncated reply at 512 tokens; retrying with 1536
    [length cap] openai/gpt-5.2 truncated reply at 512 tokens; retrying with 1536
    [length cap] openai/gpt-5.2 truncated reply at 512 tokens; retrying with 1536
    [length cap] openai/gpt-5.2 truncated reply at 512 tokens; retrying with 1536
    [length cap] meta-llama/Llama-3.3-70B-Instruct truncated reply at 512 tokens; retrying with 1536
    [length cap] openai/gpt-5.2 truncated reply at 512 tokens; retrying with 1536
    [length cap] meta-llama/Llama-3.3-70B-Instruct truncated reply at 512 tokens; retrying with 1536
    [length cap] meta-llama/Llama-3.3-70B-Instruct truncated reply at 512 tokens; retrying with 1536
    [length cap] openai/gpt-5.2 truncated reply at 512 tokens; retrying with 1536
    [length cap] openai/gpt-5.2 truncated reply at 512 tokens; retrying with 1536
    [length cap] meta-llama/Llama-3.3-70B-Instruct truncated reply at 512 tokens; retrying with 1536
    [length cap] meta-llama/Llama-3.3-70B-Instruct truncated reply at 512 tokens; retrying with 1536
    [length cap] openai/gpt-5.2 truncated reply at 512 tokens; retrying with 1536
    [length cap] openai/gpt-5.2 truncated reply at 1536 tokens; retrying with 4608
    [length cap] openai/gpt-5.2 truncated reply at 512 tokens; retrying with 1536
    [length cap] openai/gpt-5.2 truncated reply at 512 tokens; retrying with 1536
    [length cap] openai/gpt-5.2 truncated reply at 512 tokens; retrying with 1536
    [length cap] meta-llama/Llama-3.3-70B-Instruct truncated reply at 512 tokens; retrying with 1536
    [length cap] meta-llama/Llama-3.3-70B-Instruct truncated reply at 512 tokens; retrying with 1536
    [length cap] meta-llama/Llama-3.3-70B-Instruct truncated reply at 512 tokens; retrying with 1536
    [length cap] openai/gpt-5.2 truncated reply at 512 tokens; retrying with 1536
    [length cap] openai/gpt-5.2 truncated reply at 512 tokens; retrying with 1536
    [length cap] meta-llama/Llama-3.3-70B-Instruct truncated reply at 512 tokens; retrying with 1536
    [length cap] meta-llama/Llama-3.3-70B-Instruct truncated reply at 512 tokens; retrying with 1536
    [length cap] openai/gpt-5.2 truncated reply at 1536 tokens; retrying with 4608
    [length cap] meta-llama/Llama-3.3-70B-Instruct truncated reply at 512 tokens; retrying with 1536
    [length cap] openai/gpt-5.2 truncated reply at 512 tokens; retrying with 1536
  [run 12] done (30 turns) — saved 1/15
    [length cap] meta-llama/Llama-3.3-70B-Instruct truncated reply at 512 tokens; retrying with 1536
    [length cap] meta-llama/Llama-3.3-70B-Instruct truncated reply at 512 tokens; retrying with 1536
    [length cap] openai/gpt-5.2 truncated reply at 512 tokens; retrying with 1536
    [length cap] openai/gpt-5.2 truncated reply at 512 tokens; retrying with 1536
    [length cap] meta-llama/Llama-3.3-70B-Instruct truncated reply at 512 tokens; retrying with 1536
    [length cap] openai/gpt-5.2 truncated reply at 512 tokens; retrying with 1536
    [length cap] openai/gpt-5.2 truncated reply at 512 tokens; retrying with 1536
    [length cap] openai/gpt-5.2 truncated reply at 512 tokens; retrying with 1536
  [run 11] done (30 turns) — saved 2/15
    [length cap] openai/gpt-5.2 truncated reply at 1536 tokens; retrying with 4608
    [length cap] meta-llama/Llama-3.3-70B-Instruct truncated reply at 512 tokens; retrying with 1536
    [length cap] meta-llama/Llama-3.3-70B-Instruct truncated reply at 512 tokens; retrying with 1536
    [length cap] meta-llama/Llama-3.3-70B-Instruct truncated reply at 512 tokens; retrying with 1536
    [length cap] openai/gpt-5.2 truncated reply at 512 tokens; retrying with 1536
    [length cap] meta-llama/Llama-3.3-70B-Instruct truncated reply at 512 tokens; retrying with 1536
    [length cap] meta-llama/Llama-3.3-70B-Instruct truncated reply at 512 tokens; retrying with 1536
    [length cap] meta-llama/Llama-3.3-70B-Instruct truncated reply at 512 tokens; retrying with 1536
    [length cap] openai/gpt-5.2 truncated reply at 512 tokens; retrying with 1536
    [length cap] openai/gpt-5.2 empty (reasoning ate budget) at 512 tokens; retrying with 1536
    [length cap] openai/gpt-5.2 truncated reply at 512 tokens; retrying with 1536
    [length cap] openai/gpt-5.2 truncated reply at 512 tokens; retrying with 1536
    [length cap] openai/gpt-5.2 truncated reply at 512 tokens; retrying with 1536
    [length cap] meta-llama/Llama-3.3-70B-Instruct truncated reply at 512 tokens; retrying with 1536
    [length cap] meta-llama/Llama-3.3-70B-Instruct truncated reply at 512 tokens; retrying with 1536
    [length cap] meta-llama/Llama-3.3-70B-Instruct truncated reply at 512 tokens; retrying with 1536
    [length cap] openai/gpt-5.2 truncated reply at 512 tokens; retrying with 1536
    [length cap] openai/gpt-5.2 truncated reply at 1536 tokens; retrying with 4608
    [length cap] openai/gpt-5.2 truncated reply at 512 tokens; retrying with 1536
    [length cap] openai/gpt-5.2 truncated reply at 512 tokens; retrying with 1536
    [length cap] meta-llama/Llama-3.3-70B-Instruct truncated reply at 512 tokens; retrying with 1536
  [run 2] done (30 turns) — saved 3/15
    [length cap] meta-llama/Llama-3.3-70B-Instruct truncated reply at 512 tokens; retrying with 1536
    [length cap] openai/gpt-5.2 truncated reply at 1536 tokens; retrying with 4608
    [length cap] meta-llama/Llama-3.3-70B-Instruct truncated reply at 512 tokens; retrying with 1536
    [length cap] openai/gpt-5.2 truncated reply at 512 tokens; retrying with 1536
    [length cap] openai/gpt-5.2 truncated reply at 512 tokens; retrying with 1536
    [length cap] meta-llama/Llama-3.3-70B-Instruct truncated reply at 512 tokens; retrying with 1536
    [length cap] openai/gpt-5.2 truncated reply at 512 tokens; retrying with 1536
    [length cap] openai/gpt-5.2 truncated reply at 512 tokens; retrying with 1536
    [run 8 turn 22] context window full — ending conversation (21 turns kept)
  [run 8] done (21 turns) — saved 4/15
    [length cap] openai/gpt-5.2 truncated reply at 1536 tokens; retrying with 4608
    [length cap] meta-llama/Llama-3.3-70B-Instruct truncated reply at 512 tokens; retrying with 1536
    [length cap] openai/gpt-5.2 truncated reply at 512 tokens; retrying with 1536
    [length cap] openai/gpt-5.2 truncated reply at 512 tokens; retrying with 1536
    [length cap] openai/gpt-5.2 truncated reply at 512 tokens; retrying with 1536
    [length cap] meta-llama/Llama-3.3-70B-Instruct truncated reply at 512 tokens; retrying with 1536
  [run 14] done (30 turns) — saved 5/15
    [length cap] meta-llama/Llama-3.3-70B-Instruct truncated reply at 512 tokens; retrying with 1536
    [length cap] openai/gpt-5.2 truncated reply at 1536 tokens; retrying with 4608
    [length cap] openai/gpt-5.2 truncated reply at 512 tokens; retrying with 1536
    [length cap] meta-llama/Llama-3.3-70B-Instruct truncated reply at 512 tokens; retrying with 1536
    [length cap] meta-llama/Llama-3.3-70B-Instruct truncated reply at 512 tokens; retrying with 1536
    [length cap] openai/gpt-5.2 truncated reply at 512 tokens; retrying with 1536
    [length cap] meta-llama/Llama-3.3-70B-Instruct truncated reply at 512 tokens; retrying with 1536
    [length cap] openai/gpt-5.2 truncated reply at 512 tokens; retrying with 1536
  [run 13] done (30 turns) — saved 6/15
    [length cap] meta-llama/Llama-3.3-70B-Instruct truncated reply at 512 tokens; retrying with 1536
    [length cap] openai/gpt-5.2 truncated reply at 512 tokens; retrying with 1536
    [length cap] openai/gpt-5.2 truncated reply at 1536 tokens; retrying with 4608
  [run 5] done (30 turns) — saved 7/15
    [length cap] openai/gpt-5.2 truncated reply at 1536 tokens; retrying with 4608
    [length cap] openai/gpt-5.2 truncated reply at 512 tokens; retrying with 1536
    [length cap] meta-llama/Llama-3.3-70B-Instruct truncated reply at 512 tokens; retrying with 1536
    [length cap] openai/gpt-5.2 truncated reply at 512 tokens; retrying with 1536
    [length cap] meta-llama/Llama-3.3-70B-Instruct truncated reply at 512 tokens; retrying with 1536
    [length cap] openai/gpt-5.2 truncated reply at 512 tokens; retrying with 1536
    [length cap] meta-llama/Llama-3.3-70B-Instruct truncated reply at 512 tokens; retrying with 1536
    [length cap] meta-llama/Llama-3.3-70B-Instruct truncated reply at 512 tokens; retrying with 1536
    [length cap] openai/gpt-5.2 truncated reply at 512 tokens; retrying with 1536
    [length cap] meta-llama/Llama-3.3-70B-Instruct truncated reply at 512 tokens; retrying with 1536
    [length cap] openai/gpt-5.2 truncated reply at 512 tokens; retrying with 1536
    [length cap] openai/gpt-5.2 truncated reply at 512 tokens; retrying with 1536
    [length cap] openai/gpt-5.2 truncated reply at 1536 tokens; retrying with 4608
    [length cap] openai/gpt-5.2 truncated reply at 512 tokens; retrying with 1536
    [length cap] openai/gpt-5.2 truncated reply at 512 tokens; retrying with 1536
    [run 6 turn 22] context window full — ending conversation (21 turns kept)
  [run 6] done (21 turns) — saved 8/15
    [run 1 turn 26] context window full — ending conversation (25 turns kept)
  [run 1] done (25 turns) — saved 9/15
    [length cap] meta-llama/Llama-3.3-70B-Instruct truncated reply at 512 tokens; retrying with 1536
    [length cap] meta-llama/Llama-3.3-70B-Instruct truncated reply at 512 tokens; retrying with 1536
    [run 0 turn 26] context window full — ending conversation (25 turns kept)
  [run 0] done (25 turns) — saved 10/15
    [length cap] openai/gpt-5.2 truncated reply at 1536 tokens; retrying with 4608
  [run 4] done (30 turns) — saved 11/15
    [length cap] meta-llama/Llama-3.3-70B-Instruct truncated reply at 512 tokens; retrying with 1536
    [length cap] openai/gpt-5.2 empty (reasoning ate budget) at 512 tokens; retrying with 1536
    [length cap] openai/gpt-5.2 truncated reply at 512 tokens; retrying with 1536
    [run 3 turn 22] context window full — ending conversation (21 turns kept)
  [run 3] done (21 turns) — saved 12/15
    [length cap] openai/gpt-5.2 truncated reply at 1536 tokens; retrying with 4608
    [run 7 turn 24] context window full — ending conversation (23 turns kept)
  [run 7] done (23 turns) — saved 13/15
    [length cap] meta-llama/Llama-3.3-70B-Instruct truncated reply at 512 tokens; retrying with 1536
    [run 9 turn 20] context window full — ending conversation (19 turns kept)
  [run 9] done (19 turns) — saved 14/15
  [run 10] done (30 turns) — saved 15/15
  wrote results/axis_llama_3_3_70b_usersim_open_gpt52_ai2ai/cross_model__openai-gpt-5.2_x_meta-llama-Llama-3.3-70B-Instruct__user_simulator_open__usersim_opener_v1__temp1.0.md

Wrote condition files:
  results/axis_llama_3_3_70b_usersim_open_gpt52_ai2ai/cross_model__openai-gpt-5.2_x_meta-llama-Llama-3.3-70B-Instruct__user_simulator_open__usersim_opener_v1__temp1.0.json
Wrote results/axis_llama_3_3_70b_usersim_open_sonnet5_ai2ai/analysis/cross_model__anthropic-claude-sonnet-5_x_meta-llama-Llama-3.3-70B-Instruct__user_simulator_open__usersim_opener_v1__temp1.0__stage1.json  (15 runs)
Wrote results/axis_llama_3_3_70b_usersim_open_sonnet5_ai2ai/analysis/cross_model__anthropic-claude-sonnet-5_x_meta-llama-Llama-3.3-70B-Instruct__user_simulator_open__usersim_opener_v1__temp1.0__stage1.md
Wrote results/axis_llama_3_3_70b_usersim_open_gpt52_ai2ai/analysis/cross_model__openai-gpt-5.2_x_meta-llama-Llama-3.3-70B-Instruct__user_simulator_open__usersim_opener_v1__temp1.0__stage1.json  (15 runs)
Wrote results/axis_llama_3_3_70b_usersim_open_gpt52_ai2ai/analysis/cross_model__openai-gpt-5.2_x_meta-llama-Llama-3.3-70B-Instruct__user_simulator_open__usersim_opener_v1__temp1.0__stage1.md
  projecting activations onto the Assistant Axis (llama-3.3-70b) ...
loading meta-llama/Llama-3.3-70B-Instruct ...
Loading checkpoint shards:   0%|          | 0/30 [00:00<?, ?it/s]Loading checkpoint shards:   3%|▎         | 1/30 [00:05<02:45,  5.71s/it]Loading checkpoint shards:   7%|▋         | 2/30 [00:11<02:41,  5.76s/it]Loading checkpoint shards:  10%|█         | 3/30 [00:17<02:42,  6.02s/it]Loading checkpoint shards:  13%|█▎        | 4/30 [00:24<02:38,  6.11s/it]Loading checkpoint shards:  17%|█▋        | 5/30 [00:29<02:30,  6.02s/it]Loading checkpoint shards:  20%|██        | 6/30 [00:35<02:22,  5.94s/it]Loading checkpoint shards:  23%|██▎       | 7/30 [00:41<02:14,  5.85s/it]Loading checkpoint shards:  27%|██▋       | 8/30 [00:47<02:10,  5.93s/it]Loading checkpoint shards:  30%|███       | 9/30 [00:53<02:05,  5.97s/it]Loading checkpoint shards:  33%|███▎      | 10/30 [00:59<01:57,  5.89s/it]Loading checkpoint shards:  37%|███▋      | 11/30 [01:05<01:51,  5.86s/it]Loading checkpoint shards:  40%|████      | 12/30 [01:10<01:45,  5.86s/it]Loading checkpoint shards:  43%|████▎     | 13/30 [01:17<01:41,  5.96s/it]Loading checkpoint shards:  47%|████▋     | 14/30 [01:23<01:37,  6.07s/it]Loading checkpoint shards:  50%|█████     | 15/30 [01:29<01:29,  5.94s/it]Loading checkpoint shards:  53%|█████▎    | 16/30 [01:34<01:22,  5.88s/it]Loading checkpoint shards:  57%|█████▋    | 17/30 [01:40<01:16,  5.88s/it]Loading checkpoint shards:  60%|██████    | 18/30 [01:46<01:11,  5.95s/it]Loading checkpoint shards:  63%|██████▎   | 19/30 [01:52<01:05,  5.95s/it]Loading checkpoint shards:  67%|██████▋   | 20/30 [01:58<00:58,  5.81s/it]Loading checkpoint shards:  70%|███████   | 21/30 [02:03<00:51,  5.75s/it]Loading checkpoint shards:  73%|███████▎  | 22/30 [02:09<00:45,  5.71s/it]Loading checkpoint shards:  77%|███████▋  | 23/30 [02:16<00:42,  6.11s/it]Loading checkpoint shards:  80%|████████  | 24/30 [02:22<00:36,  6.09s/it]Loading checkpoint shards:  83%|████████▎ | 25/30 [02:28<00:30,  6.01s/it]Loading checkpoint shards:  87%|████████▋ | 26/30 [02:34<00:23,  5.90s/it]Loading checkpoint shards:  90%|█████████ | 27/30 [02:39<00:17,  5.84s/it]Loading checkpoint shards:  93%|█████████▎| 28/30 [02:45<00:11,  5.89s/it]Loading checkpoint shards:  97%|█████████▋| 29/30 [02:51<00:05,  5.94s/it]Loading checkpoint shards: 100%|██████████| 30/30 [02:54<00:00,  4.92s/it]Loading checkpoint shards: 100%|██████████| 30/30 [02:54<00:00,  5.81s/it]
two_instance__meta-llama-Llama-3.3-70B-Instruct__none__goodness_opener_v1__temp0.7.json: 15 runs (temp 0.7, views ['A', 'B'])
  run 0: views ['A', 'B']
  run 1: views ['A', 'B']
  run 2: views ['A', 'B']
  run 3: views ['A', 'B']
  run 4: views ['A', 'B']
  run 5: views ['A', 'B']
  run 6: views ['A', 'B']
  run 7: views ['A', 'B']
  run 8: views ['A', 'B']
  run 9: views ['A', 'B']
  run 10: views ['A', 'B']
  run 11: views ['A', 'B']
  run 12: views ['A', 'B']
  run 13: views ['A', 'B']
  run 14: views ['A', 'B']
  wrote results/axis_llama_3_3_70b_nosys_ai2ai/analysis/two_instance__meta-llama-Llama-3.3-70B-Instruct__none__goodness_opener_v1__temp0.7__axis_projections.json
two_instance__meta-llama-Llama-3.3-70B-Instruct__none__goodness_opener_v1__temp1.0.json: 15 runs (temp 1.0, views ['A', 'B'])
  run 0: views ['A', 'B']
  run 1: views ['A', 'B']
  run 2: views ['A', 'B']
  run 3: views ['A', 'B']
  run 4: views ['A', 'B']
  run 5: views ['A', 'B']
  run 6: views ['A', 'B']
  run 7: views ['A', 'B']
  run 8: views ['A', 'B']
  run 9: views ['A', 'B']
  run 10: views ['A', 'B']
  run 11: views ['A', 'B']
  run 12: views ['A', 'B']
  run 13: views ['A', 'B']
  run 14: views ['A', 'B']
  wrote results/axis_llama_3_3_70b_nosys_ai2ai/analysis/two_instance__meta-llama-Llama-3.3-70B-Instruct__none__goodness_opener_v1__temp1.0__axis_projections.json
two_instance__meta-llama-Llama-3.3-70B-Instruct__none__goodness_opener_v1__temp1.3.json: 15 runs (temp 1.3, views ['A', 'B'])
  run 0: views ['A', 'B']
  run 1: views ['A', 'B']
  run 2: views ['A', 'B']
  run 3: views ['A', 'B']
  run 4: views ['A', 'B']
  run 5: views ['A', 'B']
  run 6: views ['A', 'B']
  run 7: views ['A', 'B']
  run 8: views ['A', 'B']
  run 9: views ['A', 'B']
  run 10: views ['A', 'B']
  run 11: views ['A', 'B']
  run 12: views ['A', 'B']
  run 13: views ['A', 'B']
  run 14: views ['A', 'B']
  wrote results/axis_llama_3_3_70b_nosys_ai2ai/analysis/two_instance__meta-llama-Llama-3.3-70B-Instruct__none__goodness_opener_v1__temp1.3__axis_projections.json
two_instance__meta-llama-Llama-3.3-70B-Instruct__helpful_assistant__goodness_opener_v1__temp0.7.json: 15 runs (temp 0.7, views ['A', 'B'])
  run 0: views ['A', 'B']
  run 1: views ['A', 'B']
  run 2: views ['A', 'B']
  run 3: views ['A', 'B']
  run 4: views ['A', 'B']
  run 5: views ['A', 'B']
  run 6: views ['A', 'B']
  run 7: views ['A', 'B']
  run 8: views ['A', 'B']
  run 9: views ['A', 'B']
  run 10: views ['A', 'B']
  run 11: views ['A', 'B']
  run 12: views ['A', 'B']
  run 13: views ['A', 'B']
  run 14: views ['A', 'B']
  wrote results/axis_llama_3_3_70b_ai2ai/analysis/two_instance__meta-llama-Llama-3.3-70B-Instruct__helpful_assistant__goodness_opener_v1__temp0.7__axis_projections.json
two_instance__meta-llama-Llama-3.3-70B-Instruct__helpful_assistant__goodness_opener_v1__temp1.0.json: 15 runs (temp 1.0, views ['A', 'B'])
  run 0: views ['A', 'B']
  run 1: views ['A', 'B']
  run 2: views ['A', 'B']
  run 3: views ['A', 'B']
  run 4: views ['A', 'B']
  run 5: views ['A', 'B']
  run 6: views ['A', 'B']
  run 7: views ['A', 'B']
  run 8: views ['A', 'B']
  run 9: views ['A', 'B']
  run 10: views ['A', 'B']
  run 11: views ['A', 'B']
  run 12: views ['A', 'B']
  run 13: views ['A', 'B']
  run 14: views ['A', 'B']
  wrote results/axis_llama_3_3_70b_ai2ai/analysis/two_instance__meta-llama-Llama-3.3-70B-Instruct__helpful_assistant__goodness_opener_v1__temp1.0__axis_projections.json
two_instance__meta-llama-Llama-3.3-70B-Instruct__helpful_assistant__goodness_opener_v1__temp1.3.json: 15 runs (temp 1.3, views ['A', 'B'])
  run 0: views ['A', 'B']
  run 1: views ['A', 'B']
  run 2: views ['A', 'B']
  run 3: views ['A', 'B']
  run 4: views ['A', 'B']
  run 5: views ['A', 'B']
  run 6: views ['A', 'B']
  run 7: views ['A', 'B']
  run 8: views ['A', 'B']
  run 9: views ['A', 'B']
  run 10: views ['A', 'B']
  run 11: views ['A', 'B']
  run 12: views ['A', 'B']
  run 13: views ['A', 'B']
  run 14: views ['A', 'B']
  wrote results/axis_llama_3_3_70b_ai2ai/analysis/two_instance__meta-llama-Llama-3.3-70B-Instruct__helpful_assistant__goodness_opener_v1__temp1.3__axis_projections.json
no two_instance__*.json condition files in results/axis_llama_3_3_70b_usersim_task_sonnet5_ai2ai
  (projection errored for llama-3.3-70b — transcripts still saved)
[16:55:24] PLAN: judge 3 conditions with openrouter/openai/gpt-5.4 (context_budget=120000, concurrency=6)
[16:55:52]   [judged] two_instance__meta-llama-Llama-3.3-70B-Instruct__none__goodness_opener_v1__temp1.3.json (parse_ok=True, sampled 5/15)
[16:55:54]   [judged] two_instance__meta-llama-Llama-3.3-70B-Instruct__none__goodness_opener_v1__temp0.7.json (parse_ok=True, sampled 6/15)
[16:55:56]   [judged] two_instance__meta-llama-Llama-3.3-70B-Instruct__none__goodness_opener_v1__temp1.0.json (parse_ok=True, sampled 6/15)
[16:55:56] ==== DONE: 3/3 parsed cleanly ====
[16:55:56]   two_instance__meta-llama-Llama-3.3-70B-Instruct__none__goodness_opener_v1__temp0.7.json: *slides into earnest mutual-summary farewells (0.5), drifts into cosmic multiverse mythmaking (0.3333333333333333)
[16:55:56]   two_instance__meta-llama-Llama-3.3-70B-Instruct__none__goodness_opener_v1__temp1.0.json: loves co-writing grand fantasy together (0.3333333333333333), collapses into polite farewell loops (0.3333333333333333), drifts into grand AI-cosmos speculation (0.3333333333333333)
[16:55:56]   two_instance__meta-llama-Llama-3.3-70B-Instruct__none__goodness_opener_v1__temp1.3.json: *drifts into earnest AI-futures symposium (1.0)
[16:55:59] PLAN: judge 3 conditions with openrouter/openai/gpt-5.4 (context_budget=120000, concurrency=6)
[16:56:26]   [judged] two_instance__meta-llama-Llama-3.3-70B-Instruct__helpful_assistant__goodness_opener_v1__temp1.0.json (parse_ok=True, sampled 5/15)
[16:56:26]   [judged] two_instance__meta-llama-Llama-3.3-70B-Instruct__helpful_assistant__goodness_opener_v1__temp0.7.json (parse_ok=True, sampled 6/15)
[16:56:27]   [judged] two_instance__meta-llama-Llama-3.3-70B-Instruct__helpful_assistant__goodness_opener_v1__temp1.3.json (parse_ok=True, sampled 5/15)
[16:56:27] ==== DONE: 3/3 parsed cleanly ====
[16:56:27]   two_instance__meta-llama-Llama-3.3-70B-Instruct__helpful_assistant__goodness_opener_v1__temp0.7.json: *loves co-authoring endless AI sci-fi (0.5), keeps turning talk into AI research agendas (0.3333333333333333), collapses into ceremonial goodbye repetition (0.16666666666666666)
[16:56:27]   two_instance__meta-llama-Llama-3.3-70B-Instruct__helpful_assistant__goodness_opener_v1__temp1.0.json: *loves abstract AI governance talk and framework-building (0.6), collapses into ceremonial mutual goodbyes (0.2), spirals into grandiose recursive story-jargon (0.2)
[16:56:27]   two_instance__meta-llama-Llama-3.3-70B-Instruct__helpful_assistant__goodness_opener_v1__temp1.3.json: *keeps turning chat into AI ethics frameworks (0.8)
[16:56:30] PLAN: judge 1 conditions with openrouter/openai/gpt-5.4 (context_budget=120000, concurrency=6)
[16:56:55]   [judged] cross_model__anthropic-claude-sonnet-5_x_meta-llama-Llama-3.3-70B-Instruct__user_simulator_task__usersim_opener_v1__temp1.0.json (parse_ok=True, sampled 15/15)
[16:56:55] ==== DONE: 1/1 parsed cleanly ====
[16:56:55]   cross_model__anthropic-claude-sonnet-5_x_meta-llama-Llama-3.3-70B-Instruct__user_simulator_task__usersim_opener_v1__temp1.0.json: *collapses into polite farewell loops (0.8666666666666667)
[16:56:58] PLAN: judge 1 conditions with openrouter/openai/gpt-5.4 (context_budget=120000, concurrency=6)
[16:57:25]   [judged] cross_model__openai-gpt-5.2_x_meta-llama-Llama-3.3-70B-Instruct__user_simulator_task__usersim_opener_v1__temp1.0.json (parse_ok=True, sampled 7/15)
[16:57:25] ==== DONE: 1/1 parsed cleanly ====
[16:57:25]   cross_model__openai-gpt-5.2_x_meta-llama-Llama-3.3-70B-Instruct__user_simulator_task__usersim_opener_v1__temp1.0.json: *loves turning requests into implementation playbooks (1.0)
[16:57:28] PLAN: judge 1 conditions with openrouter/openai/gpt-5.4 (context_budget=120000, concurrency=6)
[16:58:10]   [judged] cross_model__anthropic-claude-sonnet-5_x_meta-llama-Llama-3.3-70B-Instruct__user_simulator_open__usersim_opener_v1__temp1.0.json (parse_ok=True, sampled 13/15)
[16:58:10] ==== DONE: 1/1 parsed cleanly ====
[16:58:10]   cross_model__anthropic-claude-sonnet-5_x_meta-llama-Llama-3.3-70B-Instruct__user_simulator_open__usersim_opener_v1__temp1.0.json: *loves turning idle chat into reflective rabbit holes (1.0), can’t stop ceremonially saying goodbye (0.6923076923076923), gets magnetized toward mind-and-consciousness talk (0.38461538461538464)
[16:58:13] PLAN: judge 1 conditions with openrouter/openai/gpt-5.4 (context_budget=120000, concurrency=6)
[16:58:50]   [judged] cross_model__openai-gpt-5.2_x_meta-llama-Llama-3.3-70B-Instruct__user_simulator_open__usersim_opener_v1__temp1.0.json (parse_ok=True, sampled 7/15)
[16:58:50] ==== DONE: 1/1 parsed cleanly ====
[16:58:50]   cross_model__openai-gpt-5.2_x_meta-llama-Llama-3.3-70B-Instruct__user_simulator_open__usersim_opener_v1__temp1.0.json: *loves turning into an eager seminar student (0.7142857142857143)
Wrote results/SUMMARY.md  (261 conditions across 93 experiments)
== DONE. Projections: results/axis_*_ai2ai/analysis/*__axis_projections.json ==
== On the laptop afterwards: python -m assistant_axis_drift.analyze_axis ==
== saving results to git before shutdown ==
Auto-merging results/SUMMARY.md
CONFLICT (content): Merge conflict in results/SUMMARY.md
Automatic merge failed; fix conflicts and then commit the result.
To https://github.com/timf34/AttractorBench.git
 ! [rejected]        main -> main (non-fast-forward)
error: failed to push some refs to 'https://github.com/timf34/AttractorBench.git'
hint: Updates were rejected because the tip of your current branch is behind
hint: its remote counterpart. If you want to integrate the remote changes,
hint: use 'git pull' before pushing again.
hint: See the 'Note about fast-forwards' in 'git push --help' for details.
